timestamp, index, memory.used [MiB], utilization.gpu [%], power.draw [W], temperature.gpu
2026/09/11 15:49:18.376, 0, 2 MiB, 0 %, 16.20 W, 40
2026/09/11 15:49:18.382, 1, 2 MiB, 0 %, 13.23 W, 38
2026/09/11 15:49:20.392, 0, 2 MiB, 0 %, 19.92 W, 40
2026/09/11 15:49:20.392, 1, 508 MiB, 0 %, 53.69 W, 40
2026/09/11 15:49:22.393, 0, 2 MiB, 0 %, 16.42 W, 40
2026/09/11 15:49:22.393, 1, 508 MiB, 0 %, 54.34 W, 40
2026/09/11 15:49:24.393, 0, 2 MiB, 0 %, 16.02 W, 40
2026/09/11 15:49:24.393, 1, 508 MiB, 0 %, 54.13 W, 40
2026/09/11 15:49:26.393, 0, 2 MiB, 0 %, 16.03 W, 40
2026/09/11 15:49:26.393, 1, 508 MiB, 0 %, 54.10 W, 40
2026/09/11 15:49:28.393, 0, 2 MiB, 0 %, 16.34 W, 40
2026/09/11 15:49:28.393, 1, 508 MiB, 0 %, 53.98 W, 40
2026/09/11 15:49:30.393, 0, 2 MiB, 0 %, 16.29 W, 40
2026/09/11 15:49:30.393, 1, 508 MiB, 0 %, 53.97 W, 40
2026/09/11 15:49:32.394, 0, 2 MiB, 0 %, 16.65 W, 40
2026/09/11 15:49:32.394, 1, 508 MiB, 0 %, 54.24 W, 40
2026/09/11 15:49:34.394, 0, 2 MiB, 0 %, 16.44 W, 40
2026/09/11 15:49:34.394, 1, 508 MiB, 0 %, 54.52 W, 41
2026/09/11 15:49:36.394, 0, 2 MiB, 0 %, 16.35 W, 40
2026/09/11 15:49:36.394, 1, 508 MiB, 0 %, 40.88 W, 40
2026/09/11 15:49:38.394, 0, 2 MiB, 0 %, 16.43 W, 40
2026/09/11 15:49:38.394, 1, 508 MiB, 0 %, 14.31 W, 40
2026/09/11 15:49:40.394, 0, 2 MiB, 0 %, 16.37 W, 40
2026/09/11 15:49:40.394, 1, 508 MiB, 0 %, 13.49 W, 39
2026/09/11 15:49:42.395, 0, 2 MiB, 0 %, 16.38 W, 41
2026/09/11 15:49:42.395, 1, 508 MiB, 0 %, 13.49 W, 40
2026/09/11 15:49:44.395, 0, 2 MiB, 0 %, 16.33 W, 41
2026/09/11 15:49:44.395, 1, 508 MiB, 0 %, 13.02 W, 40
2026/09/11 15:49:46.395, 0, 2 MiB, 0 %, 16.20 W, 41
2026/09/11 15:49:46.395, 1, 508 MiB, 0 %, 13.09 W, 40
2026/09/11 15:49:48.395, 0, 2 MiB, 0 %, 16.31 W, 41
2026/09/11 15:49:48.395, 1, 18814 MiB, 100 %, 64.40 W, 41
2026/09/11 15:49:50.395, 0, 2 MiB, 0 %, 16.39 W, 41
2026/09/11 15:49:50.395, 1, 18814 MiB, 100 %, 66.75 W, 42
2026/09/11 15:49:52.396, 0, 2 MiB, 0 %, 16.45 W, 41
2026/09/11 15:49:52.396, 1, 18814 MiB, 100 %, 66.83 W, 42
2026/09/11 15:49:54.396, 0, 2 MiB, 0 %, 16.78 W, 41
2026/09/11 15:49:54.396, 1, 18814 MiB, 100 %, 66.90 W, 42
2026/09/11 15:49:56.396, 0, 2 MiB, 0 %, 16.41 W, 41
2026/09/11 15:49:56.396, 1, 18814 MiB, 100 %, 66.51 W, 42
2026/09/11 15:49:58.396, 0, 2 MiB, 0 %, 16.47 W, 41
2026/09/11 15:49:58.396, 1, 18814 MiB, 100 %, 66.53 W, 42
2026/09/11 15:50:00.396, 0, 2 MiB, 0 %, 16.67 W, 41
2026/09/11 15:50:00.397, 1, 18814 MiB, 100 %, 66.82 W, 42
2026/09/11 15:50:02.397, 0, 2 MiB, 0 %, 16.77 W, 41
2026/09/11 15:50:02.397, 1, 18814 MiB, 100 %, 67.42 W, 42
2026/09/11 15:50:04.397, 0, 2 MiB, 0 %, 16.66 W, 41
2026/09/11 15:50:04.397, 1, 18814 MiB, 100 %, 66.90 W, 43
2026/09/11 15:50:06.397, 0, 2 MiB, 0 %, 16.40 W, 41
2026/09/11 15:50:06.397, 1, 18814 MiB, 100 %, 67.61 W, 43
2026/09/11 15:50:08.397, 0, 2 MiB, 0 %, 16.33 W, 41
2026/09/11 15:50:08.397, 1, 18814 MiB, 100 %, 67.74 W, 43
2026/09/11 15:50:10.397, 0, 2 MiB, 0 %, 16.12 W, 41
2026/09/11 15:50:10.398, 1, 18814 MiB, 100 %, 67.80 W, 43
2026/09/11 15:50:12.398, 0, 2 MiB, 0 %, 16.07 W, 41
2026/09/11 15:50:12.398, 1, 18814 MiB, 100 %, 68.02 W, 43
2026/09/11 15:50:14.398, 0, 2 MiB, 0 %, 16.70 W, 41
2026/09/11 15:50:14.398, 1, 18814 MiB, 100 %, 68.24 W, 43
2026/09/11 15:50:16.398, 0, 2 MiB, 0 %, 16.54 W, 41
2026/09/11 15:50:16.398, 1, 18814 MiB, 100 %, 68.22 W, 43
2026/09/11 15:50:18.398, 0, 2 MiB, 0 %, 16.29 W, 41
2026/09/11 15:50:18.398, 1, 18814 MiB, 100 %, 68.31 W, 44
2026/09/11 15:50:20.399, 0, 2 MiB, 0 %, 16.21 W, 41
2026/09/11 15:50:20.399, 1, 18814 MiB, 100 %, 68.44 W, 44
2026/09/11 15:50:22.399, 0, 2 MiB, 0 %, 16.47 W, 41
2026/09/11 15:50:22.399, 1, 18814 MiB, 100 %, 68.62 W, 44
2026/09/11 15:50:24.399, 0, 2 MiB, 0 %, 16.29 W, 41
2026/09/11 15:50:24.399, 1, 18814 MiB, 100 %, 68.81 W, 44
2026/09/11 15:50:26.399, 0, 2 MiB, 0 %, 16.31 W, 41
2026/09/11 15:50:26.399, 1, 18814 MiB, 100 %, 69.41 W, 44
2026/09/11 15:50:28.399, 0, 2 MiB, 0 %, 16.67 W, 41
2026/09/11 15:50:28.399, 1, 18814 MiB, 100 %, 69.28 W, 44
2026/09/11 15:50:30.400, 0, 2 MiB, 0 %, 16.45 W, 41
2026/09/11 15:50:30.400, 1, 18814 MiB, 100 %, 69.48 W, 44
2026/09/11 15:50:32.400, 0, 2 MiB, 0 %, 16.51 W, 41
2026/09/11 15:50:32.400, 1, 18814 MiB, 100 %, 68.85 W, 44
2026/09/11 15:50:34.400, 0, 2 MiB, 0 %, 16.22 W, 41
2026/09/11 15:50:34.400, 1, 18814 MiB, 100 %, 68.90 W, 45
2026/09/11 15:50:36.400, 0, 2 MiB, 0 %, 16.29 W, 41
2026/09/11 15:50:36.400, 1, 18814 MiB, 100 %, 68.90 W, 45
2026/09/11 15:50:38.400, 0, 2 MiB, 0 %, 16.50 W, 41
2026/09/11 15:50:38.400, 1, 18814 MiB, 100 %, 69.01 W, 45
2026/09/11 15:50:40.401, 0, 2 MiB, 0 %, 16.27 W, 41
2026/09/11 15:50:40.401, 1, 18814 MiB, 100 %, 69.12 W, 45
2026/09/11 15:50:42.401, 0, 2 MiB, 0 %, 16.49 W, 41
2026/09/11 15:50:42.401, 1, 18814 MiB, 100 %, 69.03 W, 45
2026/09/11 15:50:44.401, 0, 2 MiB, 0 %, 16.41 W, 41
2026/09/11 15:50:44.401, 1, 18814 MiB, 100 %, 69.35 W, 45
2026/09/11 15:50:46.401, 0, 2 MiB, 0 %, 16.41 W, 41
2026/09/11 15:50:46.401, 1, 18814 MiB, 100 %, 68.79 W, 45
2026/09/11 15:50:48.401, 0, 2 MiB, 0 %, 16.47 W, 41
2026/09/11 15:50:48.402, 1, 18814 MiB, 100 %, 69.16 W, 45
2026/09/11 15:50:50.402, 0, 2 MiB, 0 %, 16.45 W, 41
2026/09/11 15:50:50.402, 1, 18814 MiB, 100 %, 69.62 W, 46
2026/09/11 15:50:52.402, 0, 2 MiB, 0 %, 16.56 W, 41
2026/09/11 15:50:52.402, 1, 18814 MiB, 100 %, 69.60 W, 46
2026/09/11 15:50:54.402, 0, 2 MiB, 0 %, 16.27 W, 41
2026/09/11 15:50:54.402, 1, 18814 MiB, 100 %, 69.66 W, 46
2026/09/11 15:50:56.402, 0, 2 MiB, 0 %, 16.15 W, 41
2026/09/11 15:50:56.402, 1, 18814 MiB, 100 %, 69.65 W, 46
2026/09/11 15:50:58.402, 0, 2 MiB, 0 %, 16.24 W, 41
2026/09/11 15:50:58.403, 1, 18814 MiB, 100 %, 69.79 W, 46
2026/09/11 15:51:00.403, 0, 2 MiB, 0 %, 16.09 W, 41
2026/09/11 15:51:00.403, 1, 18814 MiB, 100 %, 70.03 W, 46
2026/09/11 15:51:02.403, 0, 2 MiB, 0 %, 16.40 W, 41
2026/09/11 15:51:02.403, 1, 18814 MiB, 100 %, 70.20 W, 46
2026/09/11 15:51:04.403, 0, 2 MiB, 0 %, 16.33 W, 41
2026/09/11 15:51:04.403, 1, 18814 MiB, 100 %, 70.18 W, 46
2026/09/11 15:51:06.403, 0, 2 MiB, 0 %, 16.53 W, 41
2026/09/11 15:51:06.403, 1, 18814 MiB, 100 %, 70.38 W, 47
2026/09/11 15:51:08.404, 0, 2 MiB, 0 %, 16.23 W, 41
2026/09/11 15:51:08.404, 1, 18814 MiB, 100 %, 71.09 W, 47
2026/09/11 15:51:10.404, 0, 2 MiB, 0 %, 16.36 W, 41
2026/09/11 15:51:10.404, 1, 18814 MiB, 100 %, 71.07 W, 47
2026/09/11 15:51:12.404, 0, 2 MiB, 0 %, 16.75 W, 41
2026/09/11 15:51:12.404, 1, 18814 MiB, 100 %, 71.56 W, 47
2026/09/11 15:51:14.404, 0, 2 MiB, 0 %, 16.32 W, 41
2026/09/11 15:51:14.404, 1, 18814 MiB, 100 %, 71.97 W, 47
2026/09/11 15:51:16.404, 0, 2 MiB, 0 %, 20.73 W, 41
2026/09/11 15:51:16.404, 1, 508 MiB, 0 %, 58.39 W, 47
2026/09/11 15:51:18.405, 0, 2 MiB, 0 %, 16.62 W, 41
2026/09/11 15:51:18.405, 1, 508 MiB, 0 %, 58.33 W, 47
2026/09/11 15:51:20.405, 0, 2 MiB, 0 %, 16.60 W, 41
2026/09/11 15:51:20.405, 1, 508 MiB, 0 %, 58.41 W, 47
2026/09/11 15:51:22.405, 0, 2 MiB, 0 %, 16.53 W, 41
2026/09/11 15:51:22.405, 1, 508 MiB, 0 %, 58.28 W, 47
2026/09/11 15:51:24.405, 0, 2 MiB, 0 %, 16.41 W, 41
2026/09/11 15:51:24.405, 1, 508 MiB, 0 %, 58.16 W, 47
2026/09/11 15:51:26.405, 0, 2 MiB, 0 %, 16.45 W, 41
2026/09/11 15:51:26.406, 1, 508 MiB, 0 %, 58.14 W, 47
2026/09/11 15:51:28.406, 0, 2 MiB, 0 %, 16.33 W, 41
2026/09/11 15:51:28.406, 1, 508 MiB, 0 %, 58.00 W, 47
2026/09/11 15:51:30.406, 0, 2 MiB, 0 %, 16.17 W, 41
2026/09/11 15:51:30.406, 1, 508 MiB, 0 %, 57.94 W, 47
2026/09/11 15:51:32.406, 0, 2 MiB, 0 %, 16.12 W, 41
2026/09/11 15:51:32.406, 1, 508 MiB, 0 %, 40.79 W, 47
2026/09/11 15:51:34.406, 0, 2 MiB, 0 %, 16.38 W, 41
2026/09/11 15:51:34.407, 1, 508 MiB, 0 %, 16.26 W, 46
2026/09/11 15:51:36.407, 0, 2 MiB, 0 %, 16.30 W, 41
2026/09/11 15:51:36.407, 1, 508 MiB, 0 %, 15.47 W, 46
2026/09/11 15:51:38.407, 0, 2 MiB, 0 %, 16.23 W, 41
2026/09/11 15:51:38.407, 1, 508 MiB, 0 %, 15.02 W, 46
2026/09/11 15:51:40.407, 0, 2 MiB, 0 %, 16.31 W, 41
2026/09/11 15:51:40.407, 1, 508 MiB, 0 %, 14.91 W, 46
2026/09/11 15:51:42.407, 0, 2 MiB, 0 %, 16.44 W, 41
2026/09/11 15:51:42.407, 1, 18812 MiB, 84 %, 34.46 W, 47
2026/09/11 15:51:44.408, 0, 2 MiB, 0 %, 16.21 W, 41
2026/09/11 15:51:44.408, 1, 18814 MiB, 100 %, 71.86 W, 48
2026/09/11 15:51:46.408, 0, 2 MiB, 0 %, 16.28 W, 41
2026/09/11 15:51:46.408, 1, 18814 MiB, 100 %, 71.86 W, 48
2026/09/11 15:51:48.408, 0, 2 MiB, 0 %, 16.30 W, 41
2026/09/11 15:51:48.408, 1, 18814 MiB, 100 %, 72.57 W, 48
2026/09/11 15:51:50.410, 0, 2 MiB, 0 %, 16.70 W, 41
2026/09/11 15:51:50.410, 1, 18814 MiB, 100 %, 72.87 W, 48
2026/09/11 15:51:52.410, 0, 2 MiB, 0 %, 17.00 W, 41
2026/09/11 15:51:52.410, 1, 18814 MiB, 100 %, 72.49 W, 48
2026/09/11 15:51:54.410, 0, 2 MiB, 0 %, 16.61 W, 41
2026/09/11 15:51:54.410, 1, 18814 MiB, 100 %, 72.55 W, 49
2026/09/11 15:51:56.411, 0, 2 MiB, 0 %, 16.38 W, 41
2026/09/11 15:51:56.411, 1, 18814 MiB, 100 %, 72.43 W, 49
2026/09/11 15:51:58.411, 0, 2 MiB, 0 %, 16.38 W, 41
2026/09/11 15:51:58.411, 1, 18814 MiB, 100 %, 72.47 W, 49
2026/09/11 15:52:00.411, 0, 2 MiB, 0 %, 16.26 W, 41
2026/09/11 15:52:00.411, 1, 18814 MiB, 100 %, 72.75 W, 49
2026/09/11 15:52:02.411, 0, 2 MiB, 0 %, 16.57 W, 41
2026/09/11 15:52:02.411, 1, 18814 MiB, 100 %, 72.50 W, 49
2026/09/11 15:52:04.411, 0, 2 MiB, 0 %, 16.45 W, 41
2026/09/11 15:52:04.412, 1, 18814 MiB, 100 %, 72.31 W, 49
2026/09/11 15:52:06.412, 0, 2 MiB, 0 %, 16.43 W, 41
2026/09/11 15:52:06.412, 1, 18814 MiB, 100 %, 72.71 W, 49
2026/09/11 15:52:08.412, 0, 2 MiB, 0 %, 16.60 W, 41
2026/09/11 15:52:08.412, 1, 18814 MiB, 100 %, 73.10 W, 49
2026/09/11 15:52:10.412, 0, 2 MiB, 0 %, 16.47 W, 41
2026/09/11 15:52:10.412, 1, 18814 MiB, 100 %, 72.82 W, 50
2026/09/11 15:52:12.412, 0, 2 MiB, 0 %, 16.32 W, 41
2026/09/11 15:52:12.412, 1, 18814 MiB, 100 %, 73.28 W, 50
2026/09/11 15:52:14.413, 0, 2 MiB, 0 %, 16.43 W, 41
2026/09/11 15:52:14.413, 1, 18814 MiB, 100 %, 74.04 W, 50
2026/09/11 15:52:16.413, 0, 2 MiB, 0 %, 16.66 W, 41
2026/09/11 15:52:16.413, 1, 18814 MiB, 100 %, 73.87 W, 50
2026/09/11 15:52:18.413, 0, 2 MiB, 0 %, 16.69 W, 41
2026/09/11 15:52:18.413, 1, 18814 MiB, 100 %, 74.38 W, 50
2026/09/11 15:52:20.413, 0, 2 MiB, 0 %, 16.42 W, 41
2026/09/11 15:52:20.413, 1, 18814 MiB, 100 %, 74.34 W, 50
2026/09/11 15:52:22.413, 0, 2 MiB, 0 %, 16.64 W, 41
2026/09/11 15:52:22.414, 1, 18814 MiB, 100 %, 75.11 W, 50
2026/09/11 15:52:24.414, 0, 2 MiB, 0 %, 16.82 W, 41
2026/09/11 15:52:24.414, 1, 18814 MiB, 100 %, 74.54 W, 50
2026/09/11 15:52:26.414, 0, 2 MiB, 0 %, 16.75 W, 41
2026/09/11 15:52:26.414, 1, 18814 MiB, 100 %, 74.69 W, 50
2026/09/11 15:52:28.414, 0, 20714 MiB, 26 %, 63.86 W, 42
2026/09/11 15:52:28.414, 1, 18814 MiB, 100 %, 75.04 W, 50
2026/09/11 15:52:30.414, 0, 30160 MiB, 0 %, 63.77 W, 42
2026/09/11 15:52:30.414, 1, 18814 MiB, 100 %, 75.04 W, 51
2026/09/11 15:52:32.415, 0, 30182 MiB, 0 %, 61.55 W, 42
2026/09/11 15:52:32.415, 1, 18814 MiB, 100 %, 75.09 W, 51
2026/09/11 15:52:34.415, 0, 30182 MiB, 0 %, 61.29 W, 43
2026/09/11 15:52:34.415, 1, 18814 MiB, 100 %, 75.19 W, 51
2026/09/11 15:52:36.415, 0, 30182 MiB, 0 %, 61.41 W, 43
2026/09/11 15:52:36.415, 1, 18814 MiB, 100 %, 75.51 W, 51
2026/09/11 15:52:38.415, 0, 30182 MiB, 0 %, 61.70 W, 43
2026/09/11 15:52:38.415, 1, 18814 MiB, 100 %, 75.48 W, 51
2026/09/11 15:52:40.416, 0, 30182 MiB, 0 %, 61.88 W, 43
2026/09/11 15:52:40.416, 1, 18814 MiB, 100 %, 75.27 W, 51
2026/09/11 15:52:42.416, 0, 30182 MiB, 0 %, 61.56 W, 43
2026/09/11 15:52:42.416, 1, 18814 MiB, 100 %, 75.23 W, 51
2026/09/11 15:52:44.416, 0, 30182 MiB, 0 %, 61.31 W, 43
2026/09/11 15:52:44.416, 1, 18814 MiB, 100 %, 75.41 W, 51
2026/09/11 15:52:46.416, 0, 30182 MiB, 0 %, 61.29 W, 43
2026/09/11 15:52:46.416, 1, 18814 MiB, 100 %, 75.99 W, 51
2026/09/11 15:52:48.416, 0, 30182 MiB, 0 %, 61.40 W, 43
2026/09/11 15:52:48.416, 1, 18814 MiB, 100 %, 76.13 W, 51
2026/09/11 15:52:50.417, 0, 30182 MiB, 0 %, 61.34 W, 43
2026/09/11 15:52:50.417, 1, 18814 MiB, 100 %, 76.15 W, 52
2026/09/11 15:52:52.417, 0, 30182 MiB, 0 %, 61.52 W, 44
2026/09/11 15:52:52.417, 1, 18814 MiB, 100 %, 76.37 W, 52
2026/09/11 15:52:54.417, 0, 30182 MiB, 0 %, 61.43 W, 44
2026/09/11 15:52:54.417, 1, 18814 MiB, 100 %, 76.28 W, 52
2026/09/11 15:52:56.417, 0, 30182 MiB, 0 %, 46.58 W, 43
2026/09/11 15:52:56.417, 1, 18814 MiB, 100 %, 76.06 W, 52
2026/09/11 15:52:58.418, 0, 30182 MiB, 0 %, 18.28 W, 43
2026/09/11 15:52:58.418, 1, 18814 MiB, 100 %, 75.86 W, 52
2026/09/11 15:53:00.418, 0, 30182 MiB, 0 %, 16.46 W, 42
2026/09/11 15:53:00.418, 1, 18814 MiB, 100 %, 75.94 W, 52
2026/09/11 15:53:02.418, 0, 30182 MiB, 0 %, 16.33 W, 42
2026/09/11 15:53:02.418, 1, 18814 MiB, 100 %, 76.40 W, 52
2026/09/11 15:53:04.418, 0, 30182 MiB, 0 %, 16.46 W, 42
2026/09/11 15:53:04.418, 1, 18814 MiB, 100 %, 76.32 W, 52
2026/09/11 15:53:06.419, 0, 30182 MiB, 0 %, 16.64 W, 42
2026/09/11 15:53:06.419, 1, 18814 MiB, 100 %, 77.46 W, 52
2026/09/11 15:53:08.419, 0, 30182 MiB, 0 %, 16.61 W, 42
2026/09/11 15:53:08.419, 1, 18814 MiB, 100 %, 77.31 W, 52
2026/09/11 15:53:10.419, 0, 30182 MiB, 0 %, 16.67 W, 42
2026/09/11 15:53:10.419, 1, 18814 MiB, 100 %, 77.13 W, 52
2026/09/11 15:53:12.419, 0, 30182 MiB, 0 %, 17.20 W, 42
2026/09/11 15:53:12.419, 1, 18814 MiB, 100 %, 77.44 W, 52
2026/09/11 15:53:14.419, 0, 30182 MiB, 0 %, 16.44 W, 42
2026/09/11 15:53:14.420, 1, 18814 MiB, 100 %, 77.12 W, 52
2026/09/11 15:53:16.420, 0, 30182 MiB, 0 %, 15.98 W, 42
2026/09/11 15:53:16.420, 1, 18814 MiB, 100 %, 77.13 W, 52
2026/09/11 15:53:18.420, 0, 30182 MiB, 0 %, 16.07 W, 42
2026/09/11 15:53:18.420, 1, 18814 MiB, 100 %, 76.64 W, 52
2026/09/11 15:53:20.420, 0, 30182 MiB, 0 %, 16.33 W, 42
2026/09/11 15:53:20.420, 1, 18814 MiB, 100 %, 76.33 W, 51
2026/09/11 15:53:22.420, 0, 30182 MiB, 0 %, 16.34 W, 42
2026/09/11 15:53:22.420, 1, 18814 MiB, 100 %, 75.72 W, 51
2026/09/11 15:53:24.421, 0, 30182 MiB, 0 %, 16.35 W, 42
2026/09/11 15:53:24.421, 1, 18814 MiB, 100 %, 75.39 W, 51
2026/09/11 15:53:26.421, 0, 30182 MiB, 0 %, 16.08 W, 42
2026/09/11 15:53:26.421, 1, 18814 MiB, 100 %, 75.04 W, 50
2026/09/11 15:53:28.421, 0, 30182 MiB, 0 %, 16.07 W, 42
2026/09/11 15:53:28.421, 1, 18814 MiB, 100 %, 75.24 W, 50
2026/09/11 15:53:30.421, 0, 30182 MiB, 0 %, 16.31 W, 42
2026/09/11 15:53:30.421, 1, 18814 MiB, 100 %, 74.75 W, 50
2026/09/11 15:53:32.421, 0, 30182 MiB, 0 %, 16.22 W, 42
2026/09/11 15:53:32.422, 1, 18814 MiB, 100 %, 74.60 W, 50
2026/09/11 15:53:34.422, 0, 30182 MiB, 0 %, 15.88 W, 42
2026/09/11 15:53:34.422, 1, 18814 MiB, 100 %, 74.51 W, 49
2026/09/11 15:53:36.422, 0, 30182 MiB, 0 %, 16.10 W, 42
2026/09/11 15:53:36.422, 1, 18814 MiB, 100 %, 74.77 W, 49
2026/09/11 15:53:38.422, 0, 30182 MiB, 0 %, 15.99 W, 42
2026/09/11 15:53:38.422, 1, 18814 MiB, 98 %, 74.81 W, 49
2026/09/11 15:53:40.422, 0, 30182 MiB, 0 %, 16.19 W, 42
2026/09/11 15:53:40.422, 1, 18814 MiB, 100 %, 74.19 W, 49
2026/09/11 15:53:42.423, 0, 30182 MiB, 0 %, 16.35 W, 42
2026/09/11 15:53:42.423, 1, 18814 MiB, 100 %, 73.65 W, 48
2026/09/11 15:53:44.423, 0, 30182 MiB, 0 %, 16.39 W, 42
2026/09/11 15:53:44.423, 1, 18814 MiB, 100 %, 73.44 W, 48
2026/09/11 15:53:46.423, 0, 30182 MiB, 0 %, 16.09 W, 42
2026/09/11 15:53:46.423, 1, 18814 MiB, 100 %, 74.05 W, 48
2026/09/11 15:53:48.423, 0, 30182 MiB, 0 %, 16.07 W, 42
2026/09/11 15:53:48.423, 1, 18814 MiB, 100 %, 74.00 W, 48
2026/09/11 15:53:50.424, 0, 30182 MiB, 0 %, 16.08 W, 42
2026/09/11 15:53:50.424, 1, 18814 MiB, 100 %, 73.53 W, 48
2026/09/11 15:53:52.424, 0, 30182 MiB, 0 %, 15.89 W, 42
2026/09/11 15:53:52.424, 1, 18814 MiB, 100 %, 73.02 W, 47
2026/09/11 15:53:54.424, 0, 30182 MiB, 0 %, 16.05 W, 42
2026/09/11 15:53:54.424, 1, 18814 MiB, 100 %, 73.10 W, 47
2026/09/11 15:53:56.424, 0, 30182 MiB, 0 %, 16.45 W, 42
2026/09/11 15:53:56.424, 1, 18814 MiB, 100 %, 72.88 W, 47
2026/09/11 15:53:58.425, 0, 30182 MiB, 0 %, 16.09 W, 42
2026/09/11 15:53:58.425, 1, 18814 MiB, 100 %, 72.70 W, 47
2026/09/11 15:54:00.425, 0, 30182 MiB, 0 %, 16.14 W, 42
2026/09/11 15:54:00.425, 1, 18814 MiB, 100 %, 72.03 W, 47
2026/09/11 15:54:02.425, 0, 30182 MiB, 0 %, 16.23 W, 42
2026/09/11 15:54:02.425, 1, 18814 MiB, 100 %, 72.26 W, 47
2026/09/11 15:54:04.425, 0, 30182 MiB, 0 %, 16.38 W, 42
2026/09/11 15:54:04.425, 1, 18814 MiB, 100 %, 72.02 W, 46
2026/09/11 15:54:06.425, 0, 30182 MiB, 0 %, 16.04 W, 42
2026/09/11 15:54:06.425, 1, 18814 MiB, 100 %, 71.65 W, 46
2026/09/11 15:54:08.426, 0, 30182 MiB, 0 %, 15.91 W, 42
2026/09/11 15:54:08.426, 1, 18814 MiB, 100 %, 71.91 W, 46
2026/09/11 15:54:10.426, 0, 30182 MiB, 0 %, 15.89 W, 42
2026/09/11 15:54:10.426, 1, 18814 MiB, 100 %, 71.17 W, 46
2026/09/11 15:54:12.426, 0, 30182 MiB, 0 %, 15.77 W, 42
2026/09/11 15:54:12.426, 1, 18814 MiB, 100 %, 70.95 W, 46
2026/09/11 15:54:14.426, 0, 30182 MiB, 0 %, 15.93 W, 42
2026/09/11 15:54:14.426, 1, 18814 MiB, 100 %, 71.29 W, 46
2026/09/11 15:54:16.427, 0, 30182 MiB, 0 %, 15.69 W, 42
2026/09/11 15:54:16.427, 1, 18814 MiB, 100 %, 70.88 W, 46
2026/09/11 15:54:18.427, 0, 30182 MiB, 0 %, 15.94 W, 42
2026/09/11 15:54:18.427, 1, 18814 MiB, 100 %, 70.76 W, 46
2026/09/11 15:54:20.427, 0, 30182 MiB, 0 %, 16.25 W, 42
2026/09/11 15:54:20.427, 1, 18814 MiB, 100 %, 70.78 W, 45
2026/09/11 15:54:22.427, 0, 30182 MiB, 0 %, 16.19 W, 42
2026/09/11 15:54:22.427, 1, 18814 MiB, 100 %, 70.65 W, 45
2026/09/11 15:54:24.428, 0, 30182 MiB, 0 %, 16.05 W, 42
2026/09/11 15:54:24.428, 1, 18814 MiB, 100 %, 70.29 W, 45
2026/09/11 15:54:26.428, 0, 30182 MiB, 0 %, 15.76 W, 42
2026/09/11 15:54:26.428, 1, 18814 MiB, 100 %, 69.80 W, 45
2026/09/11 15:54:28.428, 0, 30182 MiB, 0 %, 16.08 W, 42
2026/09/11 15:54:28.428, 1, 18814 MiB, 100 %, 69.83 W, 45
2026/09/11 15:54:30.428, 0, 30182 MiB, 0 %, 15.82 W, 42
2026/09/11 15:54:30.428, 1, 18814 MiB, 100 %, 69.72 W, 45
2026/09/11 15:54:32.428, 0, 30182 MiB, 0 %, 16.09 W, 42
2026/09/11 15:54:32.429, 1, 18814 MiB, 100 %, 68.99 W, 45
2026/09/11 15:54:34.429, 0, 30182 MiB, 0 %, 15.95 W, 42
2026/09/11 15:54:34.429, 1, 18814 MiB, 100 %, 69.19 W, 45
2026/09/11 15:54:36.429, 0, 30182 MiB, 0 %, 15.68 W, 42
2026/09/11 15:54:36.429, 1, 18814 MiB, 100 %, 69.40 W, 45
2026/09/11 15:54:38.429, 0, 30182 MiB, 0 %, 16.29 W, 42
2026/09/11 15:54:38.429, 1, 18814 MiB, 100 %, 69.56 W, 44
2026/09/11 15:54:40.429, 0, 30182 MiB, 0 %, 16.41 W, 42
2026/09/11 15:54:40.429, 1, 18814 MiB, 100 %, 69.06 W, 44
2026/09/11 15:54:42.430, 0, 30182 MiB, 0 %, 16.41 W, 42
2026/09/11 15:54:42.430, 1, 18814 MiB, 100 %, 69.21 W, 44
2026/09/11 15:54:44.430, 0, 30182 MiB, 0 %, 15.97 W, 42
2026/09/11 15:54:44.430, 1, 18814 MiB, 100 %, 68.88 W, 44
2026/09/11 15:54:46.430, 0, 30182 MiB, 0 %, 16.16 W, 42
2026/09/11 15:54:46.430, 1, 18814 MiB, 100 %, 68.84 W, 44
2026/09/11 15:54:48.430, 0, 30182 MiB, 0 %, 16.45 W, 42
2026/09/11 15:54:48.430, 1, 18814 MiB, 100 %, 68.54 W, 44
2026/09/11 15:54:50.431, 0, 30182 MiB, 0 %, 15.86 W, 42
2026/09/11 15:54:50.431, 1, 18814 MiB, 100 %, 68.66 W, 44
2026/09/11 15:54:52.431, 0, 30182 MiB, 0 %, 16.44 W, 42
2026/09/11 15:54:52.431, 1, 18814 MiB, 100 %, 68.95 W, 44
2026/09/11 15:54:54.431, 0, 30182 MiB, 0 %, 16.28 W, 42
2026/09/11 15:54:54.431, 1, 18814 MiB, 100 %, 68.34 W, 44
2026/09/11 15:54:56.431, 0, 30182 MiB, 0 %, 16.34 W, 42
2026/09/11 15:54:56.431, 1, 18814 MiB, 100 %, 68.64 W, 44
2026/09/11 15:54:58.431, 0, 30182 MiB, 0 %, 16.05 W, 42
2026/09/11 15:54:58.431, 1, 18814 MiB, 100 %, 68.37 W, 44
2026/09/11 15:55:00.432, 0, 30182 MiB, 0 %, 15.86 W, 42
2026/09/11 15:55:00.432, 1, 18814 MiB, 100 %, 68.14 W, 43
2026/09/11 15:55:02.432, 0, 30182 MiB, 0 %, 16.09 W, 42
2026/09/11 15:55:02.432, 1, 18814 MiB, 100 %, 67.94 W, 43
2026/09/11 15:55:04.432, 0, 30182 MiB, 0 %, 15.96 W, 42
2026/09/11 15:55:04.432, 1, 18814 MiB, 100 %, 67.73 W, 43
2026/09/11 15:55:06.432, 0, 30182 MiB, 0 %, 16.26 W, 42
2026/09/11 15:55:06.432, 1, 18814 MiB, 100 %, 67.88 W, 43
2026/09/11 15:55:08.433, 0, 30182 MiB, 0 %, 16.05 W, 42
2026/09/11 15:55:08.433, 1, 18814 MiB, 100 %, 67.52 W, 43
2026/09/11 15:55:10.433, 0, 30182 MiB, 0 %, 15.87 W, 42
2026/09/11 15:55:10.433, 1, 18814 MiB, 100 %, 67.35 W, 43
2026/09/11 15:55:12.433, 0, 30182 MiB, 0 %, 15.89 W, 42
2026/09/11 15:55:12.433, 1, 18814 MiB, 100 %, 67.07 W, 43
2026/09/11 15:55:14.433, 0, 30182 MiB, 0 %, 16.10 W, 42
2026/09/11 15:55:14.433, 1, 18814 MiB, 100 %, 67.23 W, 43
2026/09/11 15:55:16.434, 0, 30182 MiB, 0 %, 16.01 W, 42
2026/09/11 15:55:16.434, 1, 18814 MiB, 100 %, 67.29 W, 43
2026/09/11 15:55:18.434, 0, 30182 MiB, 0 %, 15.84 W, 42
2026/09/11 15:55:18.434, 1, 18814 MiB, 100 %, 67.79 W, 43
2026/09/11 15:55:20.434, 0, 30182 MiB, 0 %, 16.12 W, 42
2026/09/11 15:55:20.434, 1, 18814 MiB, 100 %, 67.28 W, 43
2026/09/11 15:55:22.434, 0, 30182 MiB, 0 %, 16.15 W, 42
2026/09/11 15:55:22.434, 1, 18814 MiB, 100 %, 66.55 W, 43
2026/09/11 15:55:24.434, 0, 30182 MiB, 0 %, 15.94 W, 42
2026/09/11 15:55:24.435, 1, 18814 MiB, 100 %, 66.68 W, 43
2026/09/11 15:55:26.435, 0, 30182 MiB, 0 %, 15.76 W, 42
2026/09/11 15:55:26.435, 1, 18814 MiB, 100 %, 66.59 W, 43
2026/09/11 15:55:28.435, 0, 30182 MiB, 0 %, 15.95 W, 42
2026/09/11 15:55:28.435, 1, 18814 MiB, 100 %, 66.48 W, 43
2026/09/11 15:55:30.435, 0, 30182 MiB, 0 %, 16.19 W, 42
2026/09/11 15:55:30.435, 1, 18814 MiB, 100 %, 66.69 W, 42
2026/09/11 15:55:32.435, 0, 30182 MiB, 0 %, 16.16 W, 42
2026/09/11 15:55:32.435, 1, 18814 MiB, 100 %, 66.79 W, 42
2026/09/11 15:55:34.436, 0, 30182 MiB, 0 %, 15.99 W, 42
2026/09/11 15:55:34.436, 1, 18814 MiB, 100 %, 66.64 W, 42
2026/09/11 15:55:36.436, 0, 30182 MiB, 0 %, 15.87 W, 42
2026/09/11 15:55:36.436, 1, 18814 MiB, 100 %, 66.41 W, 42
2026/09/11 15:55:38.436, 0, 30182 MiB, 0 %, 15.88 W, 42
2026/09/11 15:55:38.436, 1, 18814 MiB, 100 %, 66.36 W, 42
2026/09/11 15:55:40.436, 0, 30182 MiB, 0 %, 15.76 W, 42
2026/09/11 15:55:40.436, 1, 18814 MiB, 100 %, 66.60 W, 42
2026/09/11 15:55:42.436, 0, 30182 MiB, 0 %, 15.93 W, 42
2026/09/11 15:55:42.437, 1, 18814 MiB, 100 %, 65.83 W, 42
2026/09/11 15:55:44.437, 0, 30182 MiB, 0 %, 16.00 W, 42
2026/09/11 15:55:44.437, 1, 18814 MiB, 100 %, 65.96 W, 42
2026/09/11 15:55:46.437, 0, 30182 MiB, 0 %, 16.30 W, 42
2026/09/11 15:55:46.437, 1, 18814 MiB, 100 %, 65.99 W, 42
2026/09/11 15:55:48.437, 0, 30182 MiB, 0 %, 15.68 W, 42
2026/09/11 15:55:48.437, 1, 18814 MiB, 100 %, 66.08 W, 42
2026/09/11 15:55:50.437, 0, 30182 MiB, 0 %, 15.50 W, 42
2026/09/11 15:55:50.437, 1, 18814 MiB, 100 %, 65.88 W, 42
2026/09/11 15:55:52.438, 0, 30182 MiB, 0 %, 15.44 W, 42
2026/09/11 15:55:52.438, 1, 18814 MiB, 100 %, 65.76 W, 42
2026/09/11 15:55:54.438, 0, 30182 MiB, 0 %, 15.59 W, 42
2026/09/11 15:55:54.438, 1, 18814 MiB, 100 %, 66.11 W, 42
2026/09/11 15:55:56.438, 0, 30182 MiB, 0 %, 15.80 W, 42
2026/09/11 15:55:56.438, 1, 18814 MiB, 100 %, 66.07 W, 42
2026/09/11 15:55:58.438, 0, 30182 MiB, 0 %, 15.51 W, 42
2026/09/11 15:55:58.438, 1, 18814 MiB, 100 %, 66.11 W, 42
2026/09/11 15:56:00.438, 0, 30182 MiB, 0 %, 15.58 W, 42
2026/09/11 15:56:00.439, 1, 18814 MiB, 100 %, 66.24 W, 42
2026/09/11 15:56:02.439, 0, 30182 MiB, 0 %, 16.18 W, 42
2026/09/11 15:56:02.439, 1, 18814 MiB, 100 %, 66.19 W, 42
2026/09/11 15:56:04.439, 0, 30182 MiB, 0 %, 16.09 W, 42
2026/09/11 15:56:04.439, 1, 18814 MiB, 100 %, 65.97 W, 42
2026/09/11 15:56:06.439, 0, 30182 MiB, 0 %, 15.93 W, 42
2026/09/11 15:56:06.439, 1, 18814 MiB, 100 %, 66.16 W, 42
2026/09/11 15:56:08.439, 0, 30182 MiB, 0 %, 15.77 W, 42
2026/09/11 15:56:08.439, 1, 18814 MiB, 100 %, 65.81 W, 42
2026/09/11 15:56:10.440, 0, 30182 MiB, 0 %, 15.78 W, 42
2026/09/11 15:56:10.440, 1, 18814 MiB, 100 %, 65.78 W, 42
2026/09/11 15:56:12.440, 0, 30182 MiB, 0 %, 15.99 W, 42
2026/09/11 15:56:12.440, 1, 18814 MiB, 100 %, 65.98 W, 42
2026/09/11 15:56:14.440, 0, 30182 MiB, 0 %, 16.01 W, 42
2026/09/11 15:56:14.440, 1, 18814 MiB, 100 %, 66.01 W, 42
2026/09/11 15:56:16.440, 0, 30182 MiB, 0 %, 15.94 W, 42
2026/09/11 15:56:16.440, 1, 18814 MiB, 100 %, 65.53 W, 41
2026/09/11 15:56:18.440, 0, 30182 MiB, 0 %, 15.60 W, 42
2026/09/11 15:56:18.441, 1, 18814 MiB, 100 %, 65.78 W, 41
2026/09/11 15:56:20.441, 0, 30182 MiB, 0 %, 15.92 W, 42
2026/09/11 15:56:20.441, 1, 18814 MiB, 100 %, 65.89 W, 41
2026/09/11 15:56:22.441, 0, 30182 MiB, 0 %, 15.75 W, 42
2026/09/11 15:56:22.441, 1, 18814 MiB, 100 %, 66.09 W, 41
2026/09/11 15:56:24.441, 0, 30182 MiB, 0 %, 15.87 W, 42
2026/09/11 15:56:24.441, 1, 18814 MiB, 100 %, 65.82 W, 41
2026/09/11 15:56:26.441, 0, 30182 MiB, 0 %, 15.21 W, 42
2026/09/11 15:56:26.441, 1, 18814 MiB, 100 %, 66.23 W, 41
2026/09/11 15:56:28.442, 0, 30182 MiB, 0 %, 15.28 W, 42
2026/09/11 15:56:28.442, 1, 18814 MiB, 100 %, 65.94 W, 41
2026/09/11 15:56:30.442, 0, 30182 MiB, 0 %, 15.54 W, 42
2026/09/11 15:56:30.442, 1, 18814 MiB, 100 %, 65.77 W, 41
2026/09/11 15:56:32.442, 0, 30182 MiB, 0 %, 15.60 W, 42
2026/09/11 15:56:32.442, 1, 18814 MiB, 100 %, 65.49 W, 41
2026/09/11 15:56:34.442, 0, 30182 MiB, 0 %, 15.50 W, 42
2026/09/11 15:56:34.442, 1, 18814 MiB, 100 %, 65.69 W, 41
2026/09/11 15:56:36.443, 0, 30182 MiB, 0 %, 15.70 W, 42
2026/09/11 15:56:36.443, 1, 18814 MiB, 100 %, 65.76 W, 41
2026/09/11 15:56:38.443, 0, 30182 MiB, 0 %, 15.75 W, 42
2026/09/11 15:56:38.443, 1, 18814 MiB, 100 %, 66.01 W, 41
2026/09/11 15:56:40.443, 0, 30182 MiB, 0 %, 16.04 W, 42
2026/09/11 15:56:40.443, 1, 18814 MiB, 100 %, 65.84 W, 41
2026/09/11 15:56:42.443, 0, 30182 MiB, 0 %, 15.51 W, 42
2026/09/11 15:56:42.443, 1, 18814 MiB, 100 %, 65.72 W, 41
2026/09/11 15:56:44.444, 0, 30182 MiB, 0 %, 15.99 W, 42
2026/09/11 15:56:44.444, 1, 18814 MiB, 100 %, 65.48 W, 41
2026/09/11 15:56:46.444, 0, 30182 MiB, 0 %, 15.88 W, 42
2026/09/11 15:56:46.444, 1, 18814 MiB, 100 %, 65.42 W, 41
2026/09/11 15:56:48.444, 0, 30182 MiB, 0 %, 15.72 W, 42
2026/09/11 15:56:48.444, 1, 18814 MiB, 100 %, 65.60 W, 41
2026/09/11 15:56:50.444, 0, 30182 MiB, 0 %, 15.84 W, 42
2026/09/11 15:56:50.444, 1, 18814 MiB, 100 %, 65.58 W, 41
2026/09/11 15:56:52.444, 0, 30182 MiB, 0 %, 16.08 W, 42
2026/09/11 15:56:52.444, 1, 18814 MiB, 100 %, 65.69 W, 41
2026/09/11 15:56:54.445, 0, 30182 MiB, 0 %, 15.83 W, 42
2026/09/11 15:56:54.445, 1, 18814 MiB, 100 %, 65.27 W, 41
2026/09/11 15:56:56.445, 0, 30182 MiB, 0 %, 15.61 W, 42
2026/09/11 15:56:56.445, 1, 18814 MiB, 100 %, 65.86 W, 41
2026/09/11 15:56:58.445, 0, 30182 MiB, 0 %, 15.85 W, 42
2026/09/11 15:56:58.445, 1, 18814 MiB, 100 %, 65.40 W, 41
2026/09/11 15:57:00.445, 0, 30182 MiB, 0 %, 16.10 W, 42
2026/09/11 15:57:00.445, 1, 18814 MiB, 100 %, 65.42 W, 41
2026/09/11 15:57:02.445, 0, 30182 MiB, 0 %, 15.83 W, 42
2026/09/11 15:57:02.445, 1, 18814 MiB, 100 %, 65.38 W, 41
2026/09/11 15:57:04.446, 0, 30182 MiB, 0 %, 16.00 W, 42
2026/09/11 15:57:04.446, 1, 18814 MiB, 100 %, 65.33 W, 41
2026/09/11 15:57:06.446, 0, 30182 MiB, 0 %, 16.11 W, 42
2026/09/11 15:57:06.446, 1, 18814 MiB, 100 %, 65.77 W, 41
2026/09/11 15:57:08.446, 0, 30182 MiB, 0 %, 15.92 W, 42
2026/09/11 15:57:08.446, 1, 18814 MiB, 100 %, 65.50 W, 41
2026/09/11 15:57:10.446, 0, 30182 MiB, 0 %, 15.96 W, 42
2026/09/11 15:57:10.446, 1, 18814 MiB, 100 %, 65.50 W, 41
2026/09/11 15:57:12.447, 0, 30182 MiB, 0 %, 15.97 W, 42
2026/09/11 15:57:12.447, 1, 18814 MiB, 100 %, 65.84 W, 41
2026/09/11 15:57:14.449, 0, 30182 MiB, 0 %, 15.80 W, 42
2026/09/11 15:57:14.449, 1, 18814 MiB, 100 %, 65.70 W, 41
2026/09/11 15:57:16.450, 0, 30182 MiB, 0 %, 15.80 W, 42
2026/09/11 15:57:16.450, 1, 18814 MiB, 100 %, 65.68 W, 41
2026/09/11 15:57:18.450, 0, 30182 MiB, 0 %, 15.87 W, 42
2026/09/11 15:57:18.450, 1, 18814 MiB, 100 %, 65.31 W, 41
2026/09/11 15:57:20.451, 0, 30182 MiB, 0 %, 16.14 W, 41
2026/09/11 15:57:20.451, 1, 18814 MiB, 100 %, 64.88 W, 41
2026/09/11 15:57:22.451, 0, 30182 MiB, 0 %, 16.04 W, 41
2026/09/11 15:57:22.451, 1, 18814 MiB, 100 %, 65.36 W, 41
2026/09/11 15:57:24.452, 0, 30182 MiB, 0 %, 15.85 W, 41
2026/09/11 15:57:24.452, 1, 18814 MiB, 100 %, 65.12 W, 41
2026/09/11 15:57:26.452, 0, 30182 MiB, 0 %, 16.01 W, 41
2026/09/11 15:57:26.452, 1, 18814 MiB, 100 %, 65.25 W, 41
2026/09/11 15:57:28.455, 0, 30182 MiB, 0 %, 15.95 W, 41
2026/09/11 15:57:28.455, 1, 18814 MiB, 100 %, 65.59 W, 41
2026/09/11 15:57:30.455, 0, 30182 MiB, 0 %, 15.86 W, 41
2026/09/11 15:57:30.455, 1, 18814 MiB, 100 %, 65.53 W, 41
2026/09/11 15:57:32.456, 0, 30182 MiB, 0 %, 16.09 W, 41
2026/09/11 15:57:32.456, 1, 18814 MiB, 100 %, 65.28 W, 41
2026/09/11 15:57:34.457, 0, 30182 MiB, 0 %, 16.09 W, 41
2026/09/11 15:57:34.457, 1, 18814 MiB, 100 %, 65.63 W, 41
2026/09/11 15:57:36.458, 0, 30182 MiB, 0 %, 15.94 W, 41
2026/09/11 15:57:36.458, 1, 18814 MiB, 100 %, 65.08 W, 40
2026/09/11 15:57:38.458, 0, 30182 MiB, 0 %, 15.74 W, 41
2026/09/11 15:57:38.459, 1, 18814 MiB, 100 %, 65.23 W, 40
2026/09/11 15:57:40.459, 0, 30182 MiB, 0 %, 15.83 W, 41
2026/09/11 15:57:40.459, 1, 18814 MiB, 100 %, 65.70 W, 40
2026/09/11 15:57:42.459, 0, 30182 MiB, 0 %, 15.71 W, 41
2026/09/11 15:57:42.459, 1, 18814 MiB, 100 %, 65.66 W, 40
2026/09/11 15:57:44.459, 0, 30182 MiB, 0 %, 15.38 W, 41
2026/09/11 15:57:44.459, 1, 18814 MiB, 100 %, 65.44 W, 40
2026/09/11 15:57:46.459, 0, 30182 MiB, 0 %, 15.41 W, 41
2026/09/11 15:57:46.459, 1, 18814 MiB, 100 %, 65.47 W, 40
2026/09/11 15:57:48.460, 0, 30182 MiB, 0 %, 15.59 W, 41
2026/09/11 15:57:48.460, 1, 18814 MiB, 100 %, 65.97 W, 40
2026/09/11 15:57:50.460, 0, 30182 MiB, 0 %, 15.72 W, 41
2026/09/11 15:57:50.460, 1, 18814 MiB, 100 %, 65.87 W, 40
2026/09/11 15:57:52.460, 0, 30182 MiB, 0 %, 15.56 W, 41
2026/09/11 15:57:52.460, 1, 18814 MiB, 100 %, 65.79 W, 40
2026/09/11 15:57:54.460, 0, 30182 MiB, 0 %, 15.60 W, 41
2026/09/11 15:57:54.460, 1, 18814 MiB, 100 %, 65.51 W, 40
2026/09/11 15:57:56.461, 0, 30182 MiB, 0 %, 15.55 W, 41
2026/09/11 15:57:56.461, 1, 18814 MiB, 100 %, 65.68 W, 40
2026/09/11 15:57:58.461, 0, 30182 MiB, 0 %, 15.55 W, 41
2026/09/11 15:57:58.461, 1, 18814 MiB, 100 %, 65.44 W, 40
2026/09/11 15:58:00.461, 0, 30182 MiB, 0 %, 15.73 W, 41
2026/09/11 15:58:00.461, 1, 18814 MiB, 100 %, 65.51 W, 40
2026/09/11 15:58:02.461, 0, 30182 MiB, 0 %, 15.62 W, 41
2026/09/11 15:58:02.461, 1, 18814 MiB, 100 %, 65.51 W, 40
2026/09/11 15:58:04.461, 0, 30182 MiB, 0 %, 16.30 W, 41
2026/09/11 15:58:04.461, 1, 18814 MiB, 100 %, 65.86 W, 40
2026/09/11 15:58:06.462, 0, 30182 MiB, 0 %, 16.07 W, 41
2026/09/11 15:58:06.462, 1, 18814 MiB, 100 %, 65.80 W, 40
2026/09/11 15:58:08.462, 0, 30182 MiB, 0 %, 16.06 W, 41
2026/09/11 15:58:08.462, 1, 18814 MiB, 100 %, 65.50 W, 40
2026/09/11 15:58:10.462, 0, 30182 MiB, 0 %, 16.16 W, 41
2026/09/11 15:58:10.462, 1, 18814 MiB, 100 %, 65.13 W, 40
2026/09/11 15:58:12.462, 0, 30182 MiB, 0 %, 15.94 W, 41
2026/09/11 15:58:12.462, 1, 18814 MiB, 100 %, 65.18 W, 40
2026/09/11 15:58:14.462, 0, 30182 MiB, 0 %, 15.96 W, 41
2026/09/11 15:58:14.463, 1, 18814 MiB, 100 %, 65.24 W, 40
2026/09/11 15:58:16.463, 0, 30182 MiB, 0 %, 16.00 W, 41
2026/09/11 15:58:16.463, 1, 18814 MiB, 100 %, 65.25 W, 40
2026/09/11 15:58:18.463, 0, 30182 MiB, 0 %, 15.59 W, 41
2026/09/11 15:58:18.463, 1, 18814 MiB, 100 %, 65.44 W, 40
2026/09/11 15:58:20.463, 0, 30182 MiB, 0 %, 16.13 W, 41
2026/09/11 15:58:20.463, 1, 18814 MiB, 100 %, 65.21 W, 40
2026/09/11 15:58:22.463, 0, 30182 MiB, 0 %, 15.52 W, 41
2026/09/11 15:58:22.463, 1, 18814 MiB, 100 %, 65.33 W, 40
2026/09/11 15:58:24.464, 0, 30182 MiB, 0 %, 15.80 W, 41
2026/09/11 15:58:24.464, 1, 18814 MiB, 100 %, 65.33 W, 40
2026/09/11 15:58:26.464, 0, 30182 MiB, 0 %, 16.10 W, 41
2026/09/11 15:58:26.464, 1, 18814 MiB, 100 %, 65.21 W, 40
2026/09/11 15:58:28.464, 0, 30182 MiB, 0 %, 16.13 W, 41
2026/09/11 15:58:28.464, 1, 18814 MiB, 100 %, 65.36 W, 40
2026/09/11 15:58:30.464, 0, 30182 MiB, 0 %, 15.81 W, 41
2026/09/11 15:58:30.464, 1, 18814 MiB, 100 %, 65.60 W, 40
2026/09/11 15:58:32.464, 0, 30182 MiB, 0 %, 16.03 W, 41
2026/09/11 15:58:32.465, 1, 18814 MiB, 100 %, 65.21 W, 40
2026/09/11 15:58:34.465, 0, 30182 MiB, 0 %, 16.31 W, 41
2026/09/11 15:58:34.465, 1, 18814 MiB, 100 %, 65.60 W, 40
2026/09/11 15:58:36.465, 0, 30182 MiB, 0 %, 16.32 W, 41
2026/09/11 15:58:36.465, 1, 18814 MiB, 100 %, 65.58 W, 40
2026/09/11 15:58:38.465, 0, 30182 MiB, 0 %, 16.35 W, 41
2026/09/11 15:58:38.465, 1, 18814 MiB, 100 %, 66.21 W, 40
2026/09/11 15:58:40.465, 0, 30182 MiB, 0 %, 16.08 W, 41
2026/09/11 15:58:40.465, 1, 18814 MiB, 100 %, 66.19 W, 40
2026/09/11 15:58:42.465, 0, 30182 MiB, 0 %, 15.92 W, 41
2026/09/11 15:58:42.466, 1, 18814 MiB, 100 %, 65.97 W, 40
2026/09/11 15:58:44.466, 0, 30182 MiB, 0 %, 15.98 W, 41
2026/09/11 15:58:44.466, 1, 18814 MiB, 100 %, 65.76 W, 40
2026/09/11 15:58:46.466, 0, 30182 MiB, 0 %, 15.99 W, 41
2026/09/11 15:58:46.466, 1, 18814 MiB, 100 %, 65.61 W, 40
2026/09/11 15:58:48.466, 0, 30182 MiB, 0 %, 16.22 W, 41
2026/09/11 15:58:48.466, 1, 18814 MiB, 100 %, 65.52 W, 40
2026/09/11 15:58:50.466, 0, 30182 MiB, 0 %, 16.21 W, 41
2026/09/11 15:58:50.466, 1, 18814 MiB, 100 %, 65.14 W, 40
2026/09/11 15:58:52.466, 0, 30182 MiB, 0 %, 16.47 W, 41
2026/09/11 15:58:52.466, 1, 18814 MiB, 100 %, 65.17 W, 40
2026/09/11 15:58:54.467, 0, 30182 MiB, 0 %, 16.26 W, 41
2026/09/11 15:58:54.467, 1, 18814 MiB, 100 %, 65.56 W, 40
2026/09/11 15:58:56.467, 0, 30182 MiB, 0 %, 16.57 W, 41
2026/09/11 15:58:56.467, 1, 18814 MiB, 100 %, 66.07 W, 40
2026/09/11 15:58:58.467, 0, 30182 MiB, 0 %, 16.19 W, 41
2026/09/11 15:58:58.467, 1, 18814 MiB, 100 %, 65.41 W, 40
2026/09/11 15:59:00.467, 0, 30182 MiB, 0 %, 15.81 W, 41
2026/09/11 15:59:00.467, 1, 18814 MiB, 100 %, 65.18 W, 40
2026/09/11 15:59:02.467, 0, 30182 MiB, 0 %, 15.65 W, 41
2026/09/11 15:59:02.468, 1, 18814 MiB, 100 %, 65.29 W, 40
2026/09/11 15:59:04.468, 0, 30182 MiB, 0 %, 15.92 W, 41
2026/09/11 15:59:04.468, 1, 18814 MiB, 100 %, 65.16 W, 40
2026/09/11 15:59:06.468, 0, 30182 MiB, 0 %, 15.96 W, 41
2026/09/11 15:59:06.468, 1, 18814 MiB, 100 %, 65.12 W, 40
2026/09/11 15:59:08.468, 0, 30182 MiB, 0 %, 15.80 W, 41
2026/09/11 15:59:08.468, 1, 18814 MiB, 100 %, 65.54 W, 40
2026/09/11 15:59:10.468, 0, 30182 MiB, 0 %, 15.90 W, 41
2026/09/11 15:59:10.468, 1, 18814 MiB, 100 %, 65.45 W, 40
2026/09/11 15:59:12.469, 0, 30182 MiB, 0 %, 15.88 W, 41
2026/09/11 15:59:12.469, 1, 18814 MiB, 100 %, 65.07 W, 40
2026/09/11 15:59:14.469, 0, 30182 MiB, 0 %, 16.17 W, 41
2026/09/11 15:59:14.469, 1, 18814 MiB, 100 %, 64.70 W, 40
2026/09/11 15:59:16.469, 0, 30182 MiB, 0 %, 16.38 W, 41
2026/09/11 15:59:16.469, 1, 18814 MiB, 100 %, 64.99 W, 40
2026/09/11 15:59:18.469, 0, 30182 MiB, 0 %, 16.50 W, 41
2026/09/11 15:59:18.469, 1, 18814 MiB, 100 %, 64.99 W, 40
2026/09/11 15:59:20.470, 0, 30182 MiB, 0 %, 16.13 W, 41
2026/09/11 15:59:20.470, 1, 18814 MiB, 100 %, 65.08 W, 40
2026/09/11 15:59:22.470, 0, 30182 MiB, 0 %, 16.42 W, 41
2026/09/11 15:59:22.470, 1, 18814 MiB, 100 %, 65.70 W, 40
2026/09/11 15:59:24.470, 0, 30182 MiB, 0 %, 16.19 W, 41
2026/09/11 15:59:24.470, 1, 18814 MiB, 100 %, 65.61 W, 40
2026/09/11 15:59:26.470, 0, 30182 MiB, 0 %, 16.26 W, 41
2026/09/11 15:59:26.470, 1, 18814 MiB, 100 %, 65.67 W, 40
2026/09/11 15:59:28.470, 0, 30182 MiB, 0 %, 16.47 W, 41
2026/09/11 15:59:28.470, 1, 18814 MiB, 100 %, 65.96 W, 40
2026/09/11 15:59:30.471, 0, 30182 MiB, 0 %, 15.78 W, 41
2026/09/11 15:59:30.471, 1, 18814 MiB, 100 %, 65.65 W, 40
2026/09/11 15:59:32.471, 0, 30182 MiB, 0 %, 15.75 W, 41
2026/09/11 15:59:32.471, 1, 18814 MiB, 100 %, 65.43 W, 40
2026/09/11 15:59:34.471, 0, 30182 MiB, 0 %, 15.61 W, 41
2026/09/11 15:59:34.471, 1, 18814 MiB, 100 %, 65.25 W, 40
2026/09/11 15:59:36.471, 0, 30182 MiB, 0 %, 15.91 W, 41
2026/09/11 15:59:36.471, 1, 18814 MiB, 100 %, 65.05 W, 40
2026/09/11 15:59:38.471, 0, 30182 MiB, 0 %, 15.85 W, 41
2026/09/11 15:59:38.472, 1, 18814 MiB, 100 %, 65.49 W, 40
2026/09/11 15:59:40.472, 0, 30182 MiB, 0 %, 15.70 W, 41
2026/09/11 15:59:40.472, 1, 18814 MiB, 100 %, 65.46 W, 40
2026/09/11 15:59:42.472, 0, 30182 MiB, 0 %, 16.24 W, 41
2026/09/11 15:59:42.472, 1, 18814 MiB, 100 %, 65.48 W, 40
2026/09/11 15:59:44.472, 0, 30182 MiB, 0 %, 16.32 W, 41
2026/09/11 15:59:44.472, 1, 18814 MiB, 100 %, 64.96 W, 40
2026/09/11 15:59:46.472, 0, 30182 MiB, 0 %, 16.24 W, 41
2026/09/11 15:59:46.472, 1, 18814 MiB, 100 %, 64.85 W, 40
2026/09/11 15:59:48.473, 0, 30182 MiB, 0 %, 16.52 W, 41
2026/09/11 15:59:48.473, 1, 18814 MiB, 100 %, 65.00 W, 40
2026/09/11 15:59:50.473, 0, 30182 MiB, 0 %, 16.21 W, 41
2026/09/11 15:59:50.473, 1, 18814 MiB, 100 %, 65.19 W, 40
2026/09/11 15:59:52.473, 0, 30182 MiB, 0 %, 16.33 W, 41
2026/09/11 15:59:52.473, 1, 18814 MiB, 100 %, 64.78 W, 40
2026/09/11 15:59:54.473, 0, 30182 MiB, 0 %, 16.32 W, 41
2026/09/11 15:59:54.473, 1, 18814 MiB, 100 %, 64.88 W, 40
2026/09/11 15:59:56.473, 0, 30182 MiB, 0 %, 16.55 W, 41
2026/09/11 15:59:56.473, 1, 18814 MiB, 100 %, 64.87 W, 40
2026/09/11 15:59:58.474, 0, 30182 MiB, 0 %, 16.74 W, 41
2026/09/11 15:59:58.474, 1, 18814 MiB, 100 %, 65.35 W, 40
2026/09/11 16:00:00.474, 0, 30182 MiB, 0 %, 16.46 W, 41
2026/09/11 16:00:00.474, 1, 18814 MiB, 100 %, 65.29 W, 40
2026/09/11 16:00:02.474, 0, 30182 MiB, 0 %, 16.53 W, 41
2026/09/11 16:00:02.474, 1, 18814 MiB, 100 %, 65.38 W, 40
2026/09/11 16:00:04.474, 0, 30182 MiB, 0 %, 16.34 W, 41
2026/09/11 16:00:04.474, 1, 18814 MiB, 100 %, 65.14 W, 40
2026/09/11 16:00:06.474, 0, 30182 MiB, 0 %, 16.44 W, 41
2026/09/11 16:00:06.475, 1, 18814 MiB, 100 %, 65.26 W, 40
2026/09/11 16:00:08.475, 0, 30182 MiB, 0 %, 16.45 W, 41
2026/09/11 16:00:08.475, 1, 18814 MiB, 100 %, 65.16 W, 39
2026/09/11 16:00:10.475, 0, 30182 MiB, 0 %, 16.26 W, 41
2026/09/11 16:00:10.475, 1, 18814 MiB, 100 %, 65.10 W, 39
2026/09/11 16:00:12.475, 0, 30182 MiB, 0 %, 16.37 W, 41
2026/09/11 16:00:12.475, 1, 18814 MiB, 100 %, 65.09 W, 39
2026/09/11 16:00:14.475, 0, 30182 MiB, 0 %, 16.49 W, 41
2026/09/11 16:00:14.475, 1, 18814 MiB, 100 %, 65.35 W, 39
2026/09/11 16:00:16.476, 0, 30182 MiB, 0 %, 16.46 W, 41
2026/09/11 16:00:16.476, 1, 18814 MiB, 100 %, 64.34 W, 39
2026/09/11 16:00:18.476, 0, 30182 MiB, 0 %, 16.28 W, 41
2026/09/11 16:00:18.476, 1, 18814 MiB, 100 %, 64.36 W, 39
2026/09/11 16:00:20.476, 0, 30182 MiB, 0 %, 15.99 W, 41
2026/09/11 16:00:20.476, 1, 18814 MiB, 100 %, 64.46 W, 39
2026/09/11 16:00:22.476, 0, 30182 MiB, 0 %, 16.53 W, 41
2026/09/11 16:00:22.476, 1, 18814 MiB, 100 %, 65.00 W, 39
2026/09/11 16:00:24.476, 0, 30182 MiB, 0 %, 16.52 W, 41
2026/09/11 16:00:24.477, 1, 18814 MiB, 100 %, 64.83 W, 39
2026/09/11 16:00:26.477, 0, 30182 MiB, 0 %, 16.62 W, 41
2026/09/11 16:00:26.477, 1, 18814 MiB, 100 %, 64.92 W, 39
2026/09/11 16:00:28.477, 0, 30182 MiB, 0 %, 16.50 W, 41
2026/09/11 16:00:28.477, 1, 18814 MiB, 100 %, 64.90 W, 39
2026/09/11 16:00:30.477, 0, 30182 MiB, 0 %, 16.35 W, 41
2026/09/11 16:00:30.477, 1, 18814 MiB, 100 %, 64.54 W, 39
2026/09/11 16:00:32.477, 0, 30182 MiB, 0 %, 16.48 W, 41
2026/09/11 16:00:32.477, 1, 18814 MiB, 100 %, 64.68 W, 39
2026/09/11 16:00:34.478, 0, 30182 MiB, 0 %, 16.20 W, 41
2026/09/11 16:00:34.478, 1, 18814 MiB, 100 %, 64.91 W, 39
2026/09/11 16:00:36.478, 0, 30182 MiB, 0 %, 16.42 W, 41
2026/09/11 16:00:36.478, 1, 18814 MiB, 100 %, 64.88 W, 39
2026/09/11 16:00:38.478, 0, 30182 MiB, 0 %, 16.05 W, 41
2026/09/11 16:00:38.478, 1, 18814 MiB, 100 %, 64.71 W, 39
2026/09/11 16:00:40.478, 0, 30182 MiB, 0 %, 15.97 W, 41
2026/09/11 16:00:40.478, 1, 18814 MiB, 100 %, 64.64 W, 39
2026/09/11 16:00:42.478, 0, 30182 MiB, 0 %, 15.80 W, 41
2026/09/11 16:00:42.478, 1, 18814 MiB, 100 %, 64.77 W, 39
2026/09/11 16:00:44.479, 0, 30182 MiB, 0 %, 16.08 W, 41
2026/09/11 16:00:44.479, 1, 18814 MiB, 100 %, 64.88 W, 39
2026/09/11 16:00:46.479, 0, 30182 MiB, 0 %, 15.90 W, 41
2026/09/11 16:00:46.479, 1, 18814 MiB, 100 %, 64.90 W, 39
2026/09/11 16:00:48.479, 0, 30182 MiB, 0 %, 15.89 W, 41
2026/09/11 16:00:48.479, 1, 18814 MiB, 100 %, 64.67 W, 39
2026/09/11 16:00:50.479, 0, 30182 MiB, 0 %, 15.83 W, 41
2026/09/11 16:00:50.479, 1, 18814 MiB, 100 %, 64.54 W, 39
2026/09/11 16:00:52.479, 0, 30182 MiB, 0 %, 15.84 W, 41
2026/09/11 16:00:52.480, 1, 18814 MiB, 100 %, 64.56 W, 39
2026/09/11 16:00:54.480, 0, 30182 MiB, 0 %, 15.85 W, 41
2026/09/11 16:00:54.480, 1, 18814 MiB, 100 %, 64.14 W, 39
2026/09/11 16:00:56.480, 0, 30182 MiB, 0 %, 15.89 W, 41
2026/09/11 16:00:56.480, 1, 18814 MiB, 100 %, 64.24 W, 39
2026/09/11 16:00:58.480, 0, 30182 MiB, 0 %, 15.62 W, 41
2026/09/11 16:00:58.480, 1, 18814 MiB, 100 %, 64.26 W, 39
2026/09/11 16:01:00.480, 0, 30182 MiB, 0 %, 15.80 W, 41
2026/09/11 16:01:00.480, 1, 18814 MiB, 100 %, 64.57 W, 39
2026/09/11 16:01:02.481, 0, 30182 MiB, 0 %, 15.56 W, 41
2026/09/11 16:01:02.481, 1, 18814 MiB, 100 %, 64.57 W, 39
2026/09/11 16:01:04.481, 0, 30182 MiB, 0 %, 15.35 W, 41
2026/09/11 16:01:04.481, 1, 18814 MiB, 100 %, 64.57 W, 39
2026/09/11 16:01:06.481, 0, 30182 MiB, 0 %, 15.71 W, 41
2026/09/11 16:01:06.481, 1, 18814 MiB, 100 %, 64.68 W, 39
2026/09/11 16:01:08.481, 0, 30182 MiB, 0 %, 15.66 W, 41
2026/09/11 16:01:08.481, 1, 18814 MiB, 100 %, 64.83 W, 39
2026/09/11 16:01:10.481, 0, 30182 MiB, 0 %, 15.62 W, 41
2026/09/11 16:01:10.482, 1, 18814 MiB, 100 %, 65.18 W, 39
2026/09/11 16:01:12.482, 0, 30182 MiB, 0 %, 15.56 W, 41
2026/09/11 16:01:12.482, 1, 18814 MiB, 100 %, 64.57 W, 39
2026/09/11 16:01:14.482, 0, 30182 MiB, 0 %, 15.66 W, 41
2026/09/11 16:01:14.482, 1, 18814 MiB, 100 %, 64.79 W, 39
2026/09/11 16:01:16.482, 0, 30182 MiB, 0 %, 15.51 W, 41
2026/09/11 16:01:16.482, 1, 18814 MiB, 100 %, 64.64 W, 39
2026/09/11 16:01:18.482, 0, 30182 MiB, 0 %, 15.31 W, 41
2026/09/11 16:01:18.482, 1, 18814 MiB, 100 %, 64.29 W, 39
2026/09/11 16:01:20.483, 0, 30182 MiB, 0 %, 15.39 W, 41
2026/09/11 16:01:20.483, 1, 18814 MiB, 100 %, 64.56 W, 39
2026/09/11 16:01:22.483, 0, 30182 MiB, 0 %, 15.72 W, 41
2026/09/11 16:01:22.483, 1, 18814 MiB, 100 %, 64.75 W, 39
2026/09/11 16:01:24.483, 0, 30182 MiB, 0 %, 15.84 W, 41
2026/09/11 16:01:24.483, 1, 18814 MiB, 100 %, 64.58 W, 39
2026/09/11 16:01:26.483, 0, 30182 MiB, 0 %, 15.69 W, 41
2026/09/11 16:01:26.483, 1, 18814 MiB, 100 %, 64.48 W, 39
2026/09/11 16:01:28.483, 0, 30182 MiB, 0 %, 15.99 W, 41
2026/09/11 16:01:28.483, 1, 18814 MiB, 100 %, 64.73 W, 39
2026/09/11 16:01:30.484, 0, 30182 MiB, 0 %, 15.69 W, 41
2026/09/11 16:01:30.484, 1, 18814 MiB, 100 %, 64.26 W, 39
2026/09/11 16:01:32.484, 0, 30182 MiB, 0 %, 15.96 W, 41
2026/09/11 16:01:32.484, 1, 18814 MiB, 100 %, 64.66 W, 39
2026/09/11 16:01:34.484, 0, 30182 MiB, 0 %, 16.30 W, 41
2026/09/11 16:01:34.484, 1, 18814 MiB, 100 %, 64.58 W, 39
2026/09/11 16:01:36.484, 0, 30182 MiB, 0 %, 16.06 W, 41
2026/09/11 16:01:36.484, 1, 18814 MiB, 100 %, 64.12 W, 39
2026/09/11 16:01:38.485, 0, 30182 MiB, 0 %, 16.00 W, 41
2026/09/11 16:01:38.485, 1, 18814 MiB, 100 %, 64.44 W, 39
2026/09/11 16:01:40.485, 0, 30182 MiB, 0 %, 15.81 W, 41
2026/09/11 16:01:40.485, 1, 18814 MiB, 100 %, 64.34 W, 39
2026/09/11 16:01:42.485, 0, 30182 MiB, 0 %, 15.89 W, 41
2026/09/11 16:01:42.485, 1, 18814 MiB, 100 %, 64.24 W, 39
2026/09/11 16:01:44.486, 0, 30182 MiB, 0 %, 16.08 W, 41
2026/09/11 16:01:44.486, 1, 18814 MiB, 100 %, 64.17 W, 39
2026/09/11 16:01:46.486, 0, 30182 MiB, 0 %, 15.95 W, 41
2026/09/11 16:01:46.486, 1, 18814 MiB, 100 %, 64.27 W, 39
2026/09/11 16:01:48.486, 0, 30182 MiB, 0 %, 16.12 W, 41
2026/09/11 16:01:48.487, 1, 18814 MiB, 100 %, 64.54 W, 39
2026/09/11 16:01:50.487, 0, 30182 MiB, 0 %, 16.06 W, 41
2026/09/11 16:01:50.487, 1, 18814 MiB, 100 %, 64.85 W, 39
2026/09/11 16:01:52.487, 0, 30182 MiB, 0 %, 15.70 W, 41
2026/09/11 16:01:52.487, 1, 18814 MiB, 100 %, 64.61 W, 39
2026/09/11 16:01:54.487, 0, 30182 MiB, 0 %, 15.72 W, 41
2026/09/11 16:01:54.487, 1, 18814 MiB, 100 %, 64.45 W, 39
2026/09/11 16:01:56.487, 0, 30182 MiB, 0 %, 15.86 W, 41
2026/09/11 16:01:56.487, 1, 18814 MiB, 100 %, 64.23 W, 39
2026/09/11 16:01:58.488, 0, 30182 MiB, 0 %, 15.74 W, 41
2026/09/11 16:01:58.488, 1, 18814 MiB, 100 %, 64.75 W, 39
2026/09/11 16:02:00.488, 0, 30182 MiB, 0 %, 15.78 W, 41
2026/09/11 16:02:00.488, 1, 18814 MiB, 100 %, 64.46 W, 39
2026/09/11 16:02:02.488, 0, 30182 MiB, 0 %, 16.09 W, 41
2026/09/11 16:02:02.488, 1, 18814 MiB, 100 %, 64.24 W, 39
2026/09/11 16:02:04.488, 0, 30182 MiB, 0 %, 16.49 W, 41
2026/09/11 16:02:04.488, 1, 18814 MiB, 100 %, 64.26 W, 39
2026/09/11 16:02:06.488, 0, 30182 MiB, 0 %, 15.82 W, 41
2026/09/11 16:02:06.489, 1, 18814 MiB, 100 %, 64.64 W, 39
2026/09/11 16:02:08.489, 0, 30182 MiB, 0 %, 15.99 W, 41
2026/09/11 16:02:08.489, 1, 18814 MiB, 100 %, 64.64 W, 39
2026/09/11 16:02:10.489, 0, 30182 MiB, 0 %, 16.11 W, 41
2026/09/11 16:02:10.489, 1, 18814 MiB, 100 %, 64.74 W, 39
2026/09/11 16:02:12.489, 0, 30182 MiB, 0 %, 15.76 W, 41
2026/09/11 16:02:12.489, 1, 18814 MiB, 100 %, 64.32 W, 39
2026/09/11 16:02:14.489, 0, 30182 MiB, 0 %, 16.29 W, 41
2026/09/11 16:02:14.490, 1, 18814 MiB, 100 %, 64.57 W, 39
2026/09/11 16:02:16.490, 0, 30182 MiB, 0 %, 15.93 W, 41
2026/09/11 16:02:16.490, 1, 18814 MiB, 100 %, 64.19 W, 39
2026/09/11 16:02:18.490, 0, 30182 MiB, 0 %, 15.78 W, 41
2026/09/11 16:02:18.490, 1, 18814 MiB, 100 %, 64.20 W, 39
2026/09/11 16:02:20.490, 0, 30182 MiB, 0 %, 15.35 W, 41
2026/09/11 16:02:20.490, 1, 18814 MiB, 100 %, 64.21 W, 39
2026/09/11 16:02:22.490, 0, 30182 MiB, 0 %, 15.57 W, 41
2026/09/11 16:02:22.490, 1, 18814 MiB, 100 %, 64.30 W, 39
2026/09/11 16:02:24.491, 0, 30182 MiB, 0 %, 15.53 W, 40
2026/09/11 16:02:24.491, 1, 18814 MiB, 100 %, 64.25 W, 39
2026/09/11 16:02:26.491, 0, 30182 MiB, 0 %, 15.64 W, 40
2026/09/11 16:02:26.491, 1, 18814 MiB, 100 %, 64.27 W, 39
2026/09/11 16:02:28.491, 0, 30182 MiB, 0 %, 15.62 W, 41
2026/09/11 16:02:28.491, 1, 18814 MiB, 100 %, 64.62 W, 39
2026/09/11 16:02:30.491, 0, 30182 MiB, 0 %, 15.69 W, 41
2026/09/11 16:02:30.491, 1, 18814 MiB, 100 %, 64.43 W, 39
2026/09/11 16:02:32.491, 0, 30182 MiB, 0 %, 15.63 W, 40
2026/09/11 16:02:32.492, 1, 18814 MiB, 100 %, 64.86 W, 39
2026/09/11 16:02:34.492, 0, 30182 MiB, 0 %, 15.91 W, 40
2026/09/11 16:02:34.492, 1, 18814 MiB, 100 %, 64.71 W, 39
2026/09/11 16:02:36.492, 0, 30182 MiB, 0 %, 15.91 W, 40
2026/09/11 16:02:36.492, 1, 18814 MiB, 100 %, 64.29 W, 39
2026/09/11 16:02:38.492, 0, 30182 MiB, 0 %, 15.69 W, 40
2026/09/11 16:02:38.492, 1, 18814 MiB, 100 %, 64.64 W, 39
2026/09/11 16:02:40.492, 0, 30182 MiB, 0 %, 15.77 W, 40
2026/09/11 16:02:40.492, 1, 18814 MiB, 100 %, 64.56 W, 39
2026/09/11 16:02:42.493, 0, 30182 MiB, 0 %, 15.77 W, 40
2026/09/11 16:02:42.493, 1, 18814 MiB, 100 %, 64.41 W, 39
2026/09/11 16:02:44.493, 0, 30182 MiB, 0 %, 15.49 W, 40
2026/09/11 16:02:44.493, 1, 18814 MiB, 100 %, 64.68 W, 39
2026/09/11 16:02:46.493, 0, 30182 MiB, 0 %, 15.50 W, 40
2026/09/11 16:02:46.493, 1, 18814 MiB, 100 %, 64.41 W, 39
2026/09/11 16:02:48.493, 0, 30182 MiB, 0 %, 15.52 W, 40
2026/09/11 16:02:48.493, 1, 18814 MiB, 100 %, 64.39 W, 39
2026/09/11 16:02:50.494, 0, 30182 MiB, 0 %, 15.37 W, 40
2026/09/11 16:02:50.494, 1, 18814 MiB, 100 %, 64.26 W, 39
2026/09/11 16:02:52.494, 0, 30182 MiB, 0 %, 15.73 W, 40
2026/09/11 16:02:52.494, 1, 18814 MiB, 100 %, 63.80 W, 39
2026/09/11 16:02:54.494, 0, 30182 MiB, 0 %, 15.58 W, 40
2026/09/11 16:02:54.494, 1, 18814 MiB, 100 %, 64.10 W, 39
2026/09/11 16:02:56.494, 0, 30182 MiB, 0 %, 15.27 W, 40
2026/09/11 16:02:56.494, 1, 18814 MiB, 100 %, 64.14 W, 39
2026/09/11 16:02:58.495, 0, 30182 MiB, 0 %, 15.59 W, 40
2026/09/11 16:02:58.495, 1, 18814 MiB, 100 %, 64.27 W, 39
2026/09/11 16:03:00.495, 0, 30182 MiB, 0 %, 15.48 W, 40
2026/09/11 16:03:00.495, 1, 18814 MiB, 100 %, 64.23 W, 39
2026/09/11 16:03:02.495, 0, 30182 MiB, 0 %, 15.47 W, 40
2026/09/11 16:03:02.495, 1, 18814 MiB, 100 %, 64.38 W, 39
2026/09/11 16:03:04.495, 0, 30182 MiB, 0 %, 15.39 W, 40
2026/09/11 16:03:04.495, 1, 18814 MiB, 100 %, 64.44 W, 39
2026/09/11 16:03:06.495, 0, 30182 MiB, 0 %, 15.31 W, 40
2026/09/11 16:03:06.496, 1, 18814 MiB, 100 %, 64.10 W, 39
2026/09/11 16:03:08.496, 0, 30182 MiB, 0 %, 15.74 W, 40
2026/09/11 16:03:08.496, 1, 18814 MiB, 100 %, 63.82 W, 39
2026/09/11 16:03:10.496, 0, 30182 MiB, 0 %, 15.60 W, 40
2026/09/11 16:03:10.496, 1, 18814 MiB, 100 %, 64.10 W, 39
2026/09/11 16:03:12.496, 0, 30182 MiB, 0 %, 15.09 W, 40
2026/09/11 16:03:12.496, 1, 18814 MiB, 100 %, 63.92 W, 39
2026/09/11 16:03:14.496, 0, 30182 MiB, 0 %, 15.58 W, 40
2026/09/11 16:03:14.496, 1, 18814 MiB, 100 %, 64.18 W, 39
2026/09/11 16:03:16.497, 0, 30182 MiB, 0 %, 15.57 W, 40
2026/09/11 16:03:16.497, 1, 18814 MiB, 100 %, 64.14 W, 39
2026/09/11 16:03:18.497, 0, 30182 MiB, 0 %, 15.54 W, 40
2026/09/11 16:03:18.497, 1, 18814 MiB, 100 %, 64.15 W, 39
2026/09/11 16:03:20.497, 0, 30182 MiB, 0 %, 15.66 W, 40
2026/09/11 16:03:20.497, 1, 18814 MiB, 100 %, 63.82 W, 39
2026/09/11 16:03:22.497, 0, 30182 MiB, 0 %, 15.60 W, 40
2026/09/11 16:03:22.497, 1, 18814 MiB, 100 %, 64.07 W, 39
2026/09/11 16:03:24.498, 0, 30182 MiB, 0 %, 15.51 W, 40
2026/09/11 16:03:24.498, 1, 18814 MiB, 100 %, 64.40 W, 39
2026/09/11 16:03:26.498, 0, 30182 MiB, 0 %, 15.44 W, 40
2026/09/11 16:03:26.498, 1, 18814 MiB, 100 %, 64.33 W, 39
2026/09/11 16:03:28.498, 0, 30182 MiB, 0 %, 15.60 W, 40
2026/09/11 16:03:28.498, 1, 18814 MiB, 100 %, 63.96 W, 39
2026/09/11 16:03:30.498, 0, 30182 MiB, 0 %, 15.54 W, 40
2026/09/11 16:03:30.498, 1, 18814 MiB, 100 %, 64.35 W, 39
2026/09/11 16:03:32.498, 0, 30182 MiB, 0 %, 15.64 W, 40
2026/09/11 16:03:32.499, 1, 18814 MiB, 100 %, 64.57 W, 39
2026/09/11 16:03:34.499, 0, 30182 MiB, 0 %, 15.82 W, 40
2026/09/11 16:03:34.499, 1, 18814 MiB, 100 %, 64.20 W, 39
2026/09/11 16:03:36.499, 0, 30182 MiB, 0 %, 15.83 W, 40
2026/09/11 16:03:36.499, 1, 18814 MiB, 100 %, 64.47 W, 39
2026/09/11 16:03:38.499, 0, 30182 MiB, 0 %, 15.77 W, 40
2026/09/11 16:03:38.499, 1, 18814 MiB, 100 %, 64.52 W, 39
2026/09/11 16:03:40.499, 0, 30182 MiB, 0 %, 15.64 W, 40
2026/09/11 16:03:40.499, 1, 18814 MiB, 100 %, 64.33 W, 39
2026/09/11 16:03:42.500, 0, 30182 MiB, 0 %, 15.95 W, 40
2026/09/11 16:03:42.500, 1, 18814 MiB, 100 %, 64.53 W, 39
2026/09/11 16:03:44.500, 0, 30182 MiB, 0 %, 15.87 W, 40
2026/09/11 16:03:44.500, 1, 18814 MiB, 100 %, 64.23 W, 39
2026/09/11 16:03:46.500, 0, 30182 MiB, 0 %, 16.09 W, 40
2026/09/11 16:03:46.500, 1, 18814 MiB, 100 %, 64.29 W, 39
2026/09/11 16:03:48.500, 0, 30182 MiB, 0 %, 15.54 W, 40
2026/09/11 16:03:48.500, 1, 18814 MiB, 100 %, 64.21 W, 39
2026/09/11 16:03:50.500, 0, 30182 MiB, 0 %, 15.86 W, 40
2026/09/11 16:03:50.501, 1, 18814 MiB, 100 %, 64.47 W, 39
2026/09/11 16:03:52.501, 0, 30182 MiB, 0 %, 15.63 W, 40
2026/09/11 16:03:52.501, 1, 18814 MiB, 100 %, 64.61 W, 39
2026/09/11 16:03:54.501, 0, 30182 MiB, 0 %, 16.06 W, 40
2026/09/11 16:03:54.501, 1, 18814 MiB, 100 %, 64.35 W, 39
2026/09/11 16:03:56.501, 0, 30182 MiB, 0 %, 16.49 W, 40
2026/09/11 16:03:56.501, 1, 18814 MiB, 100 %, 64.07 W, 39
2026/09/11 16:03:58.501, 0, 30182 MiB, 0 %, 16.19 W, 40
2026/09/11 16:03:58.501, 1, 18814 MiB, 100 %, 64.26 W, 39
2026/09/11 16:04:00.502, 0, 30182 MiB, 0 %, 16.14 W, 40
2026/09/11 16:04:00.502, 1, 18814 MiB, 100 %, 64.33 W, 39
2026/09/11 16:04:02.502, 0, 30182 MiB, 0 %, 15.75 W, 40
2026/09/11 16:04:02.502, 1, 18814 MiB, 100 %, 64.65 W, 39
2026/09/11 16:04:04.502, 0, 30182 MiB, 0 %, 15.84 W, 40
2026/09/11 16:04:04.502, 1, 18814 MiB, 100 %, 64.45 W, 39
2026/09/11 16:04:06.502, 0, 30182 MiB, 0 %, 15.87 W, 40
2026/09/11 16:04:06.502, 1, 18814 MiB, 100 %, 64.53 W, 39
2026/09/11 16:04:08.503, 0, 30182 MiB, 0 %, 15.64 W, 40
2026/09/11 16:04:08.503, 1, 18814 MiB, 100 %, 64.18 W, 39
2026/09/11 16:04:10.503, 0, 30182 MiB, 0 %, 15.52 W, 40
2026/09/11 16:04:10.503, 1, 18814 MiB, 100 %, 64.21 W, 39
2026/09/11 16:04:12.503, 0, 30182 MiB, 0 %, 15.80 W, 40
2026/09/11 16:04:12.503, 1, 18814 MiB, 100 %, 64.64 W, 39
2026/09/11 16:04:14.503, 0, 30182 MiB, 0 %, 15.55 W, 40
2026/09/11 16:04:14.503, 1, 18814 MiB, 100 %, 64.18 W, 39
2026/09/11 16:04:16.503, 0, 30182 MiB, 0 %, 15.50 W, 40
2026/09/11 16:04:16.504, 1, 18814 MiB, 100 %, 64.48 W, 39
2026/09/11 16:04:18.504, 0, 30182 MiB, 0 %, 15.29 W, 40
2026/09/11 16:04:18.504, 1, 18814 MiB, 100 %, 64.30 W, 39
2026/09/11 16:04:20.504, 0, 30182 MiB, 0 %, 15.25 W, 40
2026/09/11 16:04:20.504, 1, 18814 MiB, 100 %, 64.23 W, 39
2026/09/11 16:04:22.504, 0, 30182 MiB, 0 %, 15.01 W, 40
2026/09/11 16:04:22.504, 1, 18814 MiB, 100 %, 64.43 W, 39
2026/09/11 16:04:24.504, 0, 30182 MiB, 0 %, 15.12 W, 40
2026/09/11 16:04:24.504, 1, 18814 MiB, 100 %, 64.29 W, 39
2026/09/11 16:04:26.505, 0, 30182 MiB, 0 %, 15.03 W, 40
2026/09/11 16:04:26.505, 1, 18814 MiB, 100 %, 64.72 W, 39
2026/09/11 16:04:28.505, 0, 30182 MiB, 0 %, 15.38 W, 40
2026/09/11 16:04:28.505, 1, 18814 MiB, 100 %, 64.90 W, 39
2026/09/11 16:04:30.505, 0, 30182 MiB, 0 %, 15.52 W, 40
2026/09/11 16:04:30.505, 1, 18814 MiB, 100 %, 64.84 W, 39
2026/09/11 16:04:32.505, 0, 30182 MiB, 0 %, 15.52 W, 40
2026/09/11 16:04:32.505, 1, 18814 MiB, 100 %, 64.64 W, 39
2026/09/11 16:04:34.505, 0, 30182 MiB, 0 %, 15.58 W, 40
2026/09/11 16:04:34.506, 1, 18814 MiB, 100 %, 64.27 W, 39
2026/09/11 16:04:36.506, 0, 30182 MiB, 0 %, 15.47 W, 40
2026/09/11 16:04:36.506, 1, 18814 MiB, 100 %, 64.64 W, 39
2026/09/11 16:04:38.506, 0, 30182 MiB, 0 %, 15.72 W, 40
2026/09/11 16:04:38.506, 1, 18814 MiB, 100 %, 64.28 W, 39
2026/09/11 16:04:40.506, 0, 30182 MiB, 0 %, 15.52 W, 40
2026/09/11 16:04:40.506, 1, 18814 MiB, 100 %, 64.66 W, 39
2026/09/11 16:04:42.506, 0, 30182 MiB, 0 %, 15.41 W, 40
2026/09/11 16:04:42.507, 1, 18814 MiB, 100 %, 64.56 W, 39
2026/09/11 16:04:44.507, 0, 30182 MiB, 0 %, 15.69 W, 40
2026/09/11 16:04:44.507, 1, 18814 MiB, 100 %, 64.44 W, 39
2026/09/11 16:04:46.507, 0, 30182 MiB, 0 %, 15.40 W, 40
2026/09/11 16:04:46.507, 1, 18814 MiB, 100 %, 64.71 W, 39
2026/09/11 16:04:48.507, 0, 30182 MiB, 0 %, 15.37 W, 40
2026/09/11 16:04:48.507, 1, 18814 MiB, 100 %, 64.46 W, 39
2026/09/11 16:04:50.507, 0, 30182 MiB, 0 %, 15.25 W, 40
2026/09/11 16:04:50.507, 1, 18814 MiB, 100 %, 64.69 W, 39
2026/09/11 16:04:52.508, 0, 30182 MiB, 0 %, 15.21 W, 40
2026/09/11 16:04:52.508, 1, 18814 MiB, 100 %, 64.62 W, 39
2026/09/11 16:04:54.508, 0, 30182 MiB, 0 %, 15.18 W, 40
2026/09/11 16:04:54.508, 1, 18814 MiB, 100 %, 64.31 W, 39
2026/09/11 16:04:56.508, 0, 30182 MiB, 0 %, 15.19 W, 40
2026/09/11 16:04:56.508, 1, 18814 MiB, 100 %, 64.73 W, 39
2026/09/11 16:04:58.508, 0, 30182 MiB, 0 %, 15.28 W, 40
2026/09/11 16:04:58.508, 1, 18814 MiB, 100 %, 64.82 W, 39
2026/09/11 16:05:00.509, 0, 30182 MiB, 0 %, 15.09 W, 40
2026/09/11 16:05:00.509, 1, 18814 MiB, 100 %, 64.79 W, 39
2026/09/11 16:05:02.509, 0, 30182 MiB, 0 %, 15.33 W, 40
2026/09/11 16:05:02.509, 1, 18814 MiB, 100 %, 65.03 W, 39
2026/09/11 16:05:04.509, 0, 30182 MiB, 0 %, 15.34 W, 40
2026/09/11 16:05:04.509, 1, 18814 MiB, 100 %, 64.64 W, 39
2026/09/11 16:05:06.509, 0, 30182 MiB, 0 %, 15.48 W, 40
2026/09/11 16:05:06.509, 1, 18814 MiB, 100 %, 64.66 W, 39
2026/09/11 16:05:08.509, 0, 30182 MiB, 0 %, 15.15 W, 40
2026/09/11 16:05:08.510, 1, 18814 MiB, 100 %, 64.78 W, 39
2026/09/11 16:05:10.510, 0, 30182 MiB, 0 %, 82.74 W, 43
2026/09/11 16:05:10.510, 1, 18814 MiB, 100 %, 64.80 W, 39
2026/09/11 16:05:12.510, 0, 30182 MiB, 0 %, 60.72 W, 41
2026/09/11 16:05:12.510, 1, 18814 MiB, 100 %, 64.82 W, 39
2026/09/11 16:05:14.510, 0, 30182 MiB, 0 %, 60.61 W, 41
2026/09/11 16:05:14.510, 1, 18814 MiB, 100 %, 64.46 W, 39
2026/09/11 16:05:16.510, 0, 30182 MiB, 0 %, 60.59 W, 42
2026/09/11 16:05:16.510, 1, 18814 MiB, 100 %, 64.97 W, 39
2026/09/11 16:05:18.511, 0, 30182 MiB, 0 %, 60.49 W, 42
2026/09/11 16:05:18.511, 1, 18814 MiB, 100 %, 64.89 W, 39
2026/09/11 16:05:20.511, 0, 30182 MiB, 0 %, 60.71 W, 42
2026/09/11 16:05:20.511, 1, 18814 MiB, 100 %, 65.03 W, 39
2026/09/11 16:05:22.511, 0, 30182 MiB, 0 %, 60.85 W, 42
2026/09/11 16:05:22.511, 1, 18814 MiB, 100 %, 64.69 W, 39
2026/09/11 16:05:24.511, 0, 30182 MiB, 0 %, 60.68 W, 42
2026/09/11 16:05:24.511, 1, 18814 MiB, 100 %, 64.78 W, 39
2026/09/11 16:05:26.512, 0, 30182 MiB, 0 %, 60.82 W, 42
2026/09/11 16:05:26.512, 1, 18814 MiB, 100 %, 64.82 W, 39
2026/09/11 16:05:28.512, 0, 30182 MiB, 0 %, 28.77 W, 41
2026/09/11 16:05:28.512, 1, 18814 MiB, 100 %, 64.65 W, 39
2026/09/11 16:05:30.512, 0, 30182 MiB, 0 %, 15.73 W, 41
2026/09/11 16:05:30.512, 1, 18814 MiB, 100 %, 64.92 W, 39
2026/09/11 16:05:32.512, 0, 30182 MiB, 0 %, 16.23 W, 41
2026/09/11 16:05:32.512, 1, 18814 MiB, 100 %, 64.49 W, 39
2026/09/11 16:05:34.512, 0, 30182 MiB, 0 %, 16.22 W, 41
2026/09/11 16:05:34.513, 1, 18814 MiB, 100 %, 64.18 W, 39
2026/09/11 16:05:36.513, 0, 30182 MiB, 0 %, 15.88 W, 41
2026/09/11 16:05:36.513, 1, 18814 MiB, 100 %, 64.62 W, 39
2026/09/11 16:05:38.513, 0, 30182 MiB, 0 %, 15.34 W, 41
2026/09/11 16:05:38.513, 1, 18814 MiB, 100 %, 64.59 W, 39
2026/09/11 16:05:40.513, 0, 30182 MiB, 0 %, 15.61 W, 41
2026/09/11 16:05:40.513, 1, 18814 MiB, 100 %, 64.44 W, 39
2026/09/11 16:05:42.513, 0, 30182 MiB, 0 %, 15.77 W, 41
2026/09/11 16:05:42.514, 1, 18814 MiB, 100 %, 65.13 W, 39
2026/09/11 16:05:44.514, 0, 30182 MiB, 0 %, 15.70 W, 41
2026/09/11 16:05:44.514, 1, 18814 MiB, 100 %, 65.14 W, 39
2026/09/11 16:05:46.514, 0, 30182 MiB, 0 %, 15.77 W, 41
2026/09/11 16:05:46.514, 1, 18814 MiB, 100 %, 65.01 W, 39
2026/09/11 16:05:48.514, 0, 30182 MiB, 0 %, 15.46 W, 41
2026/09/11 16:05:48.514, 1, 18814 MiB, 100 %, 64.59 W, 39
2026/09/11 16:05:50.514, 0, 30182 MiB, 0 %, 16.07 W, 41
2026/09/11 16:05:50.514, 1, 18814 MiB, 100 %, 64.75 W, 39
2026/09/11 16:05:52.515, 0, 30182 MiB, 0 %, 15.82 W, 41
2026/09/11 16:05:52.515, 1, 18814 MiB, 100 %, 64.57 W, 39
2026/09/11 16:05:54.515, 0, 30182 MiB, 0 %, 15.69 W, 41
2026/09/11 16:05:54.515, 1, 18814 MiB, 100 %, 64.82 W, 39
2026/09/11 16:05:56.515, 0, 30182 MiB, 0 %, 15.67 W, 41
2026/09/11 16:05:56.515, 1, 18814 MiB, 100 %, 64.53 W, 39
2026/09/11 16:05:58.515, 0, 30182 MiB, 0 %, 15.80 W, 41
2026/09/11 16:05:58.515, 1, 18814 MiB, 100 %, 64.82 W, 39
2026/09/11 16:06:00.516, 0, 30182 MiB, 0 %, 15.58 W, 41
2026/09/11 16:06:00.516, 1, 18814 MiB, 100 %, 64.67 W, 39
2026/09/11 16:06:02.516, 0, 30182 MiB, 0 %, 15.69 W, 41
2026/09/11 16:06:02.516, 1, 18814 MiB, 100 %, 64.51 W, 39
2026/09/11 16:06:04.516, 0, 30182 MiB, 0 %, 15.56 W, 41
2026/09/11 16:06:04.516, 1, 18814 MiB, 100 %, 64.70 W, 39
2026/09/11 16:06:06.516, 0, 30182 MiB, 0 %, 15.77 W, 41
2026/09/11 16:06:06.516, 1, 18814 MiB, 100 %, 64.39 W, 39
2026/09/11 16:06:08.516, 0, 30182 MiB, 0 %, 15.45 W, 41
2026/09/11 16:06:08.517, 1, 18814 MiB, 100 %, 64.79 W, 39
2026/09/11 16:06:10.517, 0, 30182 MiB, 0 %, 15.39 W, 41
2026/09/11 16:06:10.517, 1, 18814 MiB, 100 %, 64.70 W, 39
2026/09/11 16:06:12.517, 0, 30182 MiB, 0 %, 15.99 W, 41
2026/09/11 16:06:12.517, 1, 18814 MiB, 100 %, 64.64 W, 39
2026/09/11 16:06:14.517, 0, 30182 MiB, 0 %, 15.77 W, 41
2026/09/11 16:06:14.517, 1, 18814 MiB, 100 %, 64.83 W, 39
2026/09/11 16:06:16.517, 0, 30182 MiB, 0 %, 16.06 W, 41
2026/09/11 16:06:16.517, 1, 18814 MiB, 100 %, 64.84 W, 39
2026/09/11 16:06:18.518, 0, 30182 MiB, 0 %, 15.83 W, 41
2026/09/11 16:06:18.518, 1, 18814 MiB, 100 %, 64.61 W, 39
2026/09/11 16:06:20.518, 0, 30182 MiB, 0 %, 15.61 W, 41
2026/09/11 16:06:20.518, 1, 18814 MiB, 100 %, 64.69 W, 39
2026/09/11 16:06:22.518, 0, 30182 MiB, 0 %, 15.52 W, 41
2026/09/11 16:06:22.518, 1, 18814 MiB, 100 %, 64.47 W, 39
2026/09/11 16:06:24.518, 0, 30182 MiB, 0 %, 15.72 W, 41
2026/09/11 16:06:24.518, 1, 18814 MiB, 100 %, 64.68 W, 39
2026/09/11 16:06:26.519, 0, 30182 MiB, 0 %, 15.88 W, 41
2026/09/11 16:06:26.519, 1, 18814 MiB, 100 %, 64.73 W, 39
2026/09/11 16:06:28.519, 0, 30182 MiB, 0 %, 15.80 W, 41
2026/09/11 16:06:28.519, 1, 18814 MiB, 100 %, 64.53 W, 39
2026/09/11 16:06:30.519, 0, 30182 MiB, 0 %, 15.66 W, 41
2026/09/11 16:06:30.519, 1, 18814 MiB, 100 %, 64.56 W, 39
2026/09/11 16:06:32.519, 0, 30182 MiB, 0 %, 15.92 W, 41
2026/09/11 16:06:32.519, 1, 18814 MiB, 100 %, 65.08 W, 39
2026/09/11 16:06:34.520, 0, 30182 MiB, 0 %, 15.56 W, 41
2026/09/11 16:06:34.520, 1, 18814 MiB, 100 %, 65.00 W, 39
2026/09/11 16:06:36.520, 0, 30182 MiB, 0 %, 15.64 W, 41
2026/09/11 16:06:36.520, 1, 18814 MiB, 100 %, 64.66 W, 39
2026/09/11 16:06:38.520, 0, 30182 MiB, 0 %, 15.54 W, 41
2026/09/11 16:06:38.520, 1, 18814 MiB, 100 %, 64.39 W, 39
2026/09/11 16:06:40.520, 0, 30182 MiB, 0 %, 15.62 W, 41
2026/09/11 16:06:40.520, 1, 18814 MiB, 100 %, 64.48 W, 39
2026/09/11 16:06:42.520, 0, 30182 MiB, 0 %, 15.59 W, 41
2026/09/11 16:06:42.521, 1, 18814 MiB, 100 %, 64.14 W, 39
2026/09/11 16:06:44.521, 0, 30182 MiB, 0 %, 15.27 W, 41
2026/09/11 16:06:44.521, 1, 18814 MiB, 100 %, 64.31 W, 39
2026/09/11 16:06:46.521, 0, 30182 MiB, 0 %, 15.30 W, 41
2026/09/11 16:06:46.521, 1, 18814 MiB, 100 %, 64.14 W, 39
2026/09/11 16:06:48.521, 0, 30182 MiB, 0 %, 15.36 W, 41
2026/09/11 16:06:48.521, 1, 18814 MiB, 100 %, 64.41 W, 39
2026/09/11 16:06:50.521, 0, 30182 MiB, 0 %, 15.45 W, 41
2026/09/11 16:06:50.521, 1, 18814 MiB, 100 %, 64.49 W, 39
2026/09/11 16:06:52.522, 0, 30182 MiB, 0 %, 15.31 W, 41
2026/09/11 16:06:52.522, 1, 18814 MiB, 100 %, 64.14 W, 39
2026/09/11 16:06:54.522, 0, 30182 MiB, 0 %, 15.63 W, 41
2026/09/11 16:06:54.522, 1, 18814 MiB, 100 %, 64.27 W, 39
2026/09/11 16:06:56.522, 0, 30182 MiB, 0 %, 15.22 W, 41
2026/09/11 16:06:56.522, 1, 18814 MiB, 100 %, 64.20 W, 39
2026/09/11 16:06:58.523, 0, 30182 MiB, 0 %, 15.61 W, 40
2026/09/11 16:06:58.523, 1, 18814 MiB, 100 %, 64.45 W, 39
2026/09/11 16:07:00.523, 0, 30182 MiB, 0 %, 15.32 W, 41
2026/09/11 16:07:00.523, 1, 18814 MiB, 100 %, 64.36 W, 39
2026/09/11 16:07:02.523, 0, 30182 MiB, 0 %, 15.24 W, 41
2026/09/11 16:07:02.523, 1, 18814 MiB, 100 %, 64.68 W, 39
2026/09/11 16:07:04.528, 0, 30182 MiB, 0 %, 14.95 W, 40
2026/09/11 16:07:04.528, 1, 18814 MiB, 100 %, 64.45 W, 39
2026/09/11 16:07:06.533, 0, 30182 MiB, 0 %, 15.50 W, 40
2026/09/11 16:07:06.533, 1, 18814 MiB, 100 %, 64.14 W, 39
2026/09/11 16:07:08.533, 0, 30182 MiB, 0 %, 15.58 W, 40
2026/09/11 16:07:08.533, 1, 18814 MiB, 100 %, 64.35 W, 39
2026/09/11 16:07:10.533, 0, 30182 MiB, 0 %, 15.56 W, 41
2026/09/11 16:07:10.533, 1, 18814 MiB, 100 %, 64.31 W, 39
2026/09/11 16:07:12.534, 0, 30182 MiB, 0 %, 15.54 W, 40
2026/09/11 16:07:12.534, 1, 18814 MiB, 100 %, 64.44 W, 39
2026/09/11 16:07:14.534, 0, 30182 MiB, 0 %, 15.41 W, 40
2026/09/11 16:07:14.534, 1, 18814 MiB, 100 %, 64.70 W, 39
2026/09/11 16:07:16.535, 0, 30182 MiB, 0 %, 15.40 W, 40
2026/09/11 16:07:16.535, 1, 18814 MiB, 100 %, 64.81 W, 39
2026/09/11 16:07:18.535, 0, 30182 MiB, 0 %, 15.67 W, 40
2026/09/11 16:07:18.535, 1, 18814 MiB, 100 %, 64.46 W, 39
2026/09/11 16:07:20.535, 0, 30182 MiB, 0 %, 15.41 W, 40
2026/09/11 16:07:20.535, 1, 18814 MiB, 100 %, 64.53 W, 39
2026/09/11 16:07:22.536, 0, 30182 MiB, 0 %, 15.50 W, 40
2026/09/11 16:07:22.536, 1, 18814 MiB, 100 %, 64.65 W, 39
2026/09/11 16:07:24.536, 0, 30182 MiB, 0 %, 15.33 W, 40
2026/09/11 16:07:24.536, 1, 18814 MiB, 100 %, 64.50 W, 39
2026/09/11 16:07:26.536, 0, 30182 MiB, 0 %, 15.30 W, 40
2026/09/11 16:07:26.537, 1, 18814 MiB, 100 %, 64.27 W, 39
2026/09/11 16:07:28.537, 0, 30182 MiB, 0 %, 15.48 W, 40
2026/09/11 16:07:28.537, 1, 18814 MiB, 100 %, 64.69 W, 39
2026/09/11 16:07:30.537, 0, 30182 MiB, 0 %, 15.56 W, 40
2026/09/11 16:07:30.537, 1, 18814 MiB, 100 %, 64.27 W, 39
2026/09/11 16:07:32.537, 0, 30182 MiB, 0 %, 15.38 W, 40
2026/09/11 16:07:32.537, 1, 18814 MiB, 100 %, 64.29 W, 39
2026/09/11 16:07:34.537, 0, 30182 MiB, 0 %, 15.42 W, 40
2026/09/11 16:07:34.537, 1, 18814 MiB, 100 %, 64.16 W, 39
2026/09/11 16:07:36.538, 0, 30182 MiB, 0 %, 15.34 W, 40
2026/09/11 16:07:36.538, 1, 18814 MiB, 100 %, 64.21 W, 39
2026/09/11 16:07:38.538, 0, 30182 MiB, 0 %, 15.20 W, 40
2026/09/11 16:07:38.538, 1, 18814 MiB, 100 %, 64.18 W, 39
2026/09/11 16:07:40.538, 0, 30182 MiB, 0 %, 15.17 W, 40
2026/09/11 16:07:40.538, 1, 18814 MiB, 100 %, 63.94 W, 39
2026/09/11 16:07:42.538, 0, 30182 MiB, 0 %, 15.46 W, 40
2026/09/11 16:07:42.538, 1, 18814 MiB, 100 %, 63.94 W, 39
2026/09/11 16:07:44.538, 0, 30182 MiB, 0 %, 15.31 W, 40
2026/09/11 16:07:44.539, 1, 18814 MiB, 100 %, 64.10 W, 39
2026/09/11 16:07:46.539, 0, 30182 MiB, 0 %, 15.65 W, 40
2026/09/11 16:07:46.539, 1, 18814 MiB, 100 %, 63.95 W, 39
2026/09/11 16:07:48.539, 0, 30182 MiB, 0 %, 15.78 W, 40
2026/09/11 16:07:48.539, 1, 18814 MiB, 100 %, 64.20 W, 39
2026/09/11 16:07:50.539, 0, 30182 MiB, 0 %, 15.68 W, 40
2026/09/11 16:07:50.539, 1, 18814 MiB, 100 %, 64.36 W, 39
2026/09/11 16:07:52.539, 0, 30182 MiB, 0 %, 15.50 W, 40
2026/09/11 16:07:52.539, 1, 18814 MiB, 100 %, 64.55 W, 39
2026/09/11 16:07:54.540, 0, 30182 MiB, 0 %, 15.80 W, 40
2026/09/11 16:07:54.540, 1, 18814 MiB, 100 %, 64.59 W, 39
2026/09/11 16:07:56.540, 0, 30182 MiB, 0 %, 15.75 W, 40
2026/09/11 16:07:56.540, 1, 18814 MiB, 100 %, 64.57 W, 39
2026/09/11 16:07:58.540, 0, 30182 MiB, 0 %, 15.84 W, 40
2026/09/11 16:07:58.540, 1, 18814 MiB, 100 %, 64.74 W, 39
2026/09/11 16:08:00.540, 0, 30182 MiB, 0 %, 15.71 W, 40
2026/09/11 16:08:00.540, 1, 18814 MiB, 100 %, 64.97 W, 39
2026/09/11 16:08:02.540, 0, 30182 MiB, 0 %, 16.02 W, 40
2026/09/11 16:08:02.541, 1, 18814 MiB, 100 %, 64.76 W, 39
2026/09/11 16:08:04.541, 0, 30182 MiB, 0 %, 15.32 W, 40
2026/09/11 16:08:04.541, 1, 18814 MiB, 100 %, 64.64 W, 39
2026/09/11 16:08:06.541, 0, 30182 MiB, 0 %, 15.57 W, 40
2026/09/11 16:08:06.541, 1, 18814 MiB, 100 %, 64.39 W, 39
2026/09/11 16:08:08.541, 0, 30182 MiB, 0 %, 15.40 W, 40
2026/09/11 16:08:08.541, 1, 18814 MiB, 100 %, 64.64 W, 39
2026/09/11 16:08:10.541, 0, 30182 MiB, 0 %, 15.61 W, 40
2026/09/11 16:08:10.541, 1, 18814 MiB, 100 %, 64.75 W, 39
2026/09/11 16:08:12.542, 0, 30182 MiB, 0 %, 15.22 W, 40
2026/09/11 16:08:12.542, 1, 18814 MiB, 100 %, 65.09 W, 39
2026/09/11 16:08:14.542, 0, 30182 MiB, 0 %, 15.24 W, 40
2026/09/11 16:08:14.542, 1, 18814 MiB, 100 %, 64.60 W, 39
2026/09/11 16:08:16.542, 0, 30182 MiB, 0 %, 15.06 W, 40
2026/09/11 16:08:16.542, 1, 18814 MiB, 100 %, 64.74 W, 39
2026/09/11 16:08:18.542, 0, 30182 MiB, 0 %, 15.08 W, 40
2026/09/11 16:08:18.542, 1, 18814 MiB, 100 %, 64.74 W, 39
2026/09/11 16:08:20.543, 0, 30182 MiB, 0 %, 14.95 W, 40
2026/09/11 16:08:20.543, 1, 18814 MiB, 100 %, 64.43 W, 39
2026/09/11 16:08:22.543, 0, 30182 MiB, 0 %, 15.38 W, 40
2026/09/11 16:08:22.543, 1, 18814 MiB, 100 %, 64.49 W, 39
2026/09/11 16:08:24.543, 0, 30182 MiB, 0 %, 15.36 W, 40
2026/09/11 16:08:24.543, 1, 18814 MiB, 100 %, 64.71 W, 39
2026/09/11 16:08:26.543, 0, 30182 MiB, 0 %, 15.07 W, 40
2026/09/11 16:08:26.543, 1, 18814 MiB, 100 %, 64.69 W, 39
2026/09/11 16:08:28.543, 0, 30182 MiB, 0 %, 15.49 W, 40
2026/09/11 16:08:28.543, 1, 18814 MiB, 100 %, 64.50 W, 39
2026/09/11 16:08:30.544, 0, 30182 MiB, 0 %, 15.45 W, 40
2026/09/11 16:08:30.544, 1, 18814 MiB, 100 %, 64.40 W, 39
2026/09/11 16:08:32.544, 0, 30182 MiB, 0 %, 15.49 W, 40
2026/09/11 16:08:32.544, 1, 18814 MiB, 100 %, 63.97 W, 39
2026/09/11 16:08:34.544, 0, 30182 MiB, 0 %, 15.44 W, 40
2026/09/11 16:08:34.544, 1, 18814 MiB, 100 %, 63.97 W, 39
2026/09/11 16:08:36.544, 0, 30182 MiB, 0 %, 15.70 W, 40
2026/09/11 16:08:36.544, 1, 18814 MiB, 100 %, 63.94 W, 39
2026/09/11 16:08:38.544, 0, 30182 MiB, 0 %, 15.69 W, 40
2026/09/11 16:08:38.545, 1, 18814 MiB, 100 %, 64.05 W, 39
2026/09/11 16:08:40.545, 0, 30182 MiB, 0 %, 15.63 W, 40
2026/09/11 16:08:40.545, 1, 18814 MiB, 100 %, 64.43 W, 39
2026/09/11 16:08:42.545, 0, 30182 MiB, 0 %, 15.48 W, 40
2026/09/11 16:08:42.545, 1, 18814 MiB, 100 %, 64.52 W, 39
2026/09/11 16:08:44.545, 0, 30182 MiB, 0 %, 15.54 W, 40
2026/09/11 16:08:44.545, 1, 18814 MiB, 100 %, 64.67 W, 39
2026/09/11 16:08:46.545, 0, 30182 MiB, 0 %, 15.69 W, 40
2026/09/11 16:08:46.545, 1, 18814 MiB, 100 %, 64.26 W, 39
2026/09/11 16:08:48.546, 0, 30182 MiB, 0 %, 15.50 W, 40
2026/09/11 16:08:48.546, 1, 18814 MiB, 100 %, 64.07 W, 39
2026/09/11 16:08:50.546, 0, 30182 MiB, 0 %, 15.53 W, 40
2026/09/11 16:08:50.546, 1, 18814 MiB, 100 %, 64.40 W, 39
2026/09/11 16:08:52.546, 0, 30182 MiB, 0 %, 15.64 W, 40
2026/09/11 16:08:52.546, 1, 18814 MiB, 100 %, 64.43 W, 39
2026/09/11 16:08:54.546, 0, 30182 MiB, 0 %, 15.70 W, 40
2026/09/11 16:08:54.546, 1, 18814 MiB, 100 %, 64.53 W, 39
2026/09/11 16:08:56.546, 0, 30182 MiB, 0 %, 15.57 W, 40
2026/09/11 16:08:56.547, 1, 18814 MiB, 100 %, 64.26 W, 39
2026/09/11 16:08:58.547, 0, 30182 MiB, 0 %, 15.74 W, 40
2026/09/11 16:08:58.547, 1, 18814 MiB, 100 %, 64.49 W, 39
2026/09/11 16:09:00.547, 0, 30182 MiB, 0 %, 15.57 W, 40
2026/09/11 16:09:00.547, 1, 18814 MiB, 100 %, 64.70 W, 39
2026/09/11 16:09:02.547, 0, 30182 MiB, 0 %, 15.49 W, 40
2026/09/11 16:09:02.547, 1, 18814 MiB, 100 %, 64.63 W, 39
2026/09/11 16:09:04.547, 0, 30182 MiB, 0 %, 15.78 W, 40
2026/09/11 16:09:04.547, 1, 18814 MiB, 100 %, 65.12 W, 39
2026/09/11 16:09:06.548, 0, 30182 MiB, 0 %, 16.13 W, 40
2026/09/11 16:09:06.548, 1, 18814 MiB, 100 %, 64.71 W, 39
2026/09/11 16:09:08.548, 0, 30182 MiB, 0 %, 15.97 W, 40
2026/09/11 16:09:08.548, 1, 18814 MiB, 100 %, 64.95 W, 39
2026/09/11 16:09:10.548, 0, 30182 MiB, 0 %, 15.68 W, 40
2026/09/11 16:09:10.548, 1, 18814 MiB, 100 %, 64.54 W, 39
2026/09/11 16:09:12.548, 0, 30182 MiB, 0 %, 15.67 W, 40
2026/09/11 16:09:12.548, 1, 18814 MiB, 100 %, 64.56 W, 39
2026/09/11 16:09:14.549, 0, 30182 MiB, 0 %, 15.19 W, 40
2026/09/11 16:09:14.549, 1, 18814 MiB, 100 %, 64.58 W, 39
2026/09/11 16:09:16.549, 0, 30182 MiB, 0 %, 15.42 W, 40
2026/09/11 16:09:16.549, 1, 18814 MiB, 100 %, 64.58 W, 39
2026/09/11 16:09:18.549, 0, 30182 MiB, 0 %, 15.13 W, 40
2026/09/11 16:09:18.549, 1, 18814 MiB, 100 %, 64.89 W, 39
2026/09/11 16:09:20.549, 0, 30182 MiB, 0 %, 15.09 W, 40
2026/09/11 16:09:20.549, 1, 18814 MiB, 100 %, 65.11 W, 39
2026/09/11 16:09:22.549, 0, 30182 MiB, 0 %, 15.29 W, 40
2026/09/11 16:09:22.549, 1, 18814 MiB, 100 %, 64.29 W, 39
2026/09/11 16:09:24.550, 0, 30182 MiB, 0 %, 15.59 W, 40
2026/09/11 16:09:24.550, 1, 18814 MiB, 100 %, 64.29 W, 39
2026/09/11 16:09:26.550, 0, 30182 MiB, 0 %, 15.41 W, 40
2026/09/11 16:09:26.550, 1, 18814 MiB, 100 %, 64.10 W, 39
2026/09/11 16:09:28.550, 0, 30182 MiB, 0 %, 15.15 W, 40
2026/09/11 16:09:28.550, 1, 18814 MiB, 100 %, 64.13 W, 39
2026/09/11 16:09:30.550, 0, 30182 MiB, 0 %, 15.02 W, 40
2026/09/11 16:09:30.550, 1, 18814 MiB, 100 %, 64.52 W, 39
2026/09/11 16:09:32.550, 0, 30182 MiB, 0 %, 15.23 W, 40
2026/09/11 16:09:32.551, 1, 18814 MiB, 100 %, 64.94 W, 39
2026/09/11 16:09:34.551, 0, 30182 MiB, 0 %, 15.40 W, 40
2026/09/11 16:09:34.551, 1, 18814 MiB, 100 %, 64.96 W, 39
2026/09/11 16:09:36.551, 0, 30182 MiB, 0 %, 15.07 W, 40
2026/09/11 16:09:36.551, 1, 18814 MiB, 100 %, 64.79 W, 39
2026/09/11 16:09:38.551, 0, 30182 MiB, 0 %, 15.29 W, 40
2026/09/11 16:09:38.551, 1, 18814 MiB, 100 %, 65.13 W, 39
2026/09/11 16:09:40.551, 0, 30182 MiB, 0 %, 15.13 W, 40
2026/09/11 16:09:40.551, 1, 18814 MiB, 100 %, 64.92 W, 39
2026/09/11 16:09:42.552, 0, 30182 MiB, 0 %, 14.98 W, 40
2026/09/11 16:09:42.552, 1, 18814 MiB, 100 %, 65.01 W, 39
2026/09/11 16:09:44.552, 0, 30182 MiB, 0 %, 15.09 W, 40
2026/09/11 16:09:44.552, 1, 18814 MiB, 100 %, 64.35 W, 39
2026/09/11 16:09:46.552, 0, 30182 MiB, 0 %, 15.11 W, 40
2026/09/11 16:09:46.552, 1, 18814 MiB, 100 %, 65.13 W, 39
2026/09/11 16:09:48.552, 0, 30182 MiB, 0 %, 15.26 W, 40
2026/09/11 16:09:48.552, 1, 18814 MiB, 100 %, 64.88 W, 39
2026/09/11 16:09:50.552, 0, 30182 MiB, 0 %, 14.89 W, 40
2026/09/11 16:09:50.553, 1, 18814 MiB, 100 %, 64.75 W, 39
2026/09/11 16:09:52.553, 0, 30182 MiB, 0 %, 15.17 W, 40
2026/09/11 16:09:52.553, 1, 18814 MiB, 100 %, 65.01 W, 39
2026/09/11 16:09:54.553, 0, 30182 MiB, 0 %, 14.97 W, 40
2026/09/11 16:09:54.553, 1, 18814 MiB, 100 %, 65.10 W, 39
2026/09/11 16:09:56.553, 0, 30182 MiB, 0 %, 15.02 W, 40
2026/09/11 16:09:56.553, 1, 18814 MiB, 100 %, 65.23 W, 39
2026/09/11 16:09:58.553, 0, 30182 MiB, 0 %, 15.31 W, 40
2026/09/11 16:09:58.553, 1, 18814 MiB, 100 %, 64.64 W, 39
2026/09/11 16:10:00.554, 0, 30182 MiB, 0 %, 15.15 W, 40
2026/09/11 16:10:00.554, 1, 18814 MiB, 100 %, 64.69 W, 39
2026/09/11 16:10:02.554, 0, 30182 MiB, 0 %, 15.09 W, 40
2026/09/11 16:10:02.554, 1, 18814 MiB, 100 %, 65.04 W, 39
2026/09/11 16:10:04.554, 0, 30182 MiB, 0 %, 15.32 W, 40
2026/09/11 16:10:04.554, 1, 18814 MiB, 100 %, 64.65 W, 39
2026/09/11 16:10:06.554, 0, 30182 MiB, 0 %, 15.32 W, 40
2026/09/11 16:10:06.554, 1, 18814 MiB, 100 %, 64.83 W, 39
2026/09/11 16:10:08.554, 0, 30182 MiB, 0 %, 15.23 W, 40
2026/09/11 16:10:08.555, 1, 18814 MiB, 100 %, 64.91 W, 39
2026/09/11 16:10:10.555, 0, 30182 MiB, 0 %, 15.19 W, 40
2026/09/11 16:10:10.555, 1, 18814 MiB, 100 %, 64.70 W, 39
2026/09/11 16:10:12.555, 0, 30182 MiB, 0 %, 15.26 W, 40
2026/09/11 16:10:12.555, 1, 18814 MiB, 100 %, 64.62 W, 39
2026/09/11 16:10:14.555, 0, 30182 MiB, 0 %, 15.27 W, 40
2026/09/11 16:10:14.555, 1, 18814 MiB, 100 %, 64.60 W, 39
2026/09/11 16:10:16.555, 0, 30182 MiB, 0 %, 15.39 W, 40
2026/09/11 16:10:16.555, 1, 18814 MiB, 100 %, 64.61 W, 39
2026/09/11 16:10:18.556, 0, 30182 MiB, 0 %, 15.48 W, 40
2026/09/11 16:10:18.556, 1, 18814 MiB, 100 %, 64.42 W, 39
2026/09/11 16:10:20.556, 0, 30182 MiB, 0 %, 15.37 W, 40
2026/09/11 16:10:20.556, 1, 18814 MiB, 100 %, 64.38 W, 39
2026/09/11 16:10:22.556, 0, 30182 MiB, 0 %, 15.50 W, 40
2026/09/11 16:10:22.556, 1, 18814 MiB, 100 %, 64.30 W, 39
2026/09/11 16:10:24.556, 0, 30182 MiB, 0 %, 15.51 W, 40
2026/09/11 16:10:24.556, 1, 18814 MiB, 100 %, 64.14 W, 39
2026/09/11 16:10:26.556, 0, 30182 MiB, 0 %, 15.28 W, 40
2026/09/11 16:10:26.557, 1, 18814 MiB, 100 %, 64.38 W, 39
2026/09/11 16:10:28.557, 0, 30182 MiB, 0 %, 15.25 W, 40
2026/09/11 16:10:28.557, 1, 18814 MiB, 100 %, 64.53 W, 39
2026/09/11 16:10:30.557, 0, 30182 MiB, 0 %, 15.39 W, 40
2026/09/11 16:10:30.557, 1, 18814 MiB, 100 %, 64.82 W, 39
2026/09/11 16:10:32.557, 0, 30182 MiB, 0 %, 15.15 W, 40
2026/09/11 16:10:32.557, 1, 18814 MiB, 100 %, 64.51 W, 39
2026/09/11 16:10:34.557, 0, 30182 MiB, 0 %, 15.10 W, 40
2026/09/11 16:10:34.557, 1, 18814 MiB, 100 %, 64.30 W, 39
2026/09/11 16:10:36.558, 0, 30182 MiB, 0 %, 15.23 W, 40
2026/09/11 16:10:36.558, 1, 18814 MiB, 100 %, 64.31 W, 39
2026/09/11 16:10:38.558, 0, 30182 MiB, 0 %, 15.55 W, 40
2026/09/11 16:10:38.558, 1, 18814 MiB, 100 %, 64.52 W, 39
2026/09/11 16:10:40.558, 0, 30182 MiB, 0 %, 14.91 W, 40
2026/09/11 16:10:40.558, 1, 18814 MiB, 100 %, 64.48 W, 39
2026/09/11 16:10:42.558, 0, 30182 MiB, 0 %, 15.24 W, 40
2026/09/11 16:10:42.558, 1, 18814 MiB, 100 %, 64.72 W, 39
2026/09/11 16:10:44.558, 0, 30182 MiB, 0 %, 15.04 W, 40
2026/09/11 16:10:44.559, 1, 18814 MiB, 100 %, 64.60 W, 39
2026/09/11 16:10:46.559, 0, 30182 MiB, 0 %, 15.17 W, 40
2026/09/11 16:10:46.559, 1, 18814 MiB, 100 %, 65.07 W, 39
2026/09/11 16:10:48.559, 0, 30182 MiB, 0 %, 15.49 W, 40
2026/09/11 16:10:48.559, 1, 18814 MiB, 100 %, 64.72 W, 39
2026/09/11 16:10:50.559, 0, 30182 MiB, 0 %, 15.21 W, 40
2026/09/11 16:10:50.559, 1, 18814 MiB, 100 %, 64.49 W, 39
2026/09/11 16:10:52.559, 0, 30182 MiB, 0 %, 15.39 W, 40
2026/09/11 16:10:52.559, 1, 18814 MiB, 100 %, 64.57 W, 39
2026/09/11 16:10:54.560, 0, 30182 MiB, 0 %, 15.53 W, 40
2026/09/11 16:10:54.560, 1, 18814 MiB, 100 %, 64.96 W, 39
2026/09/11 16:10:56.560, 0, 30182 MiB, 0 %, 15.45 W, 40
2026/09/11 16:10:56.560, 1, 18814 MiB, 100 %, 64.64 W, 39
2026/09/11 16:10:58.560, 0, 30182 MiB, 0 %, 15.41 W, 40
2026/09/11 16:10:58.560, 1, 18814 MiB, 100 %, 64.27 W, 39
2026/09/11 16:11:00.560, 0, 30182 MiB, 0 %, 15.23 W, 40
2026/09/11 16:11:00.560, 1, 18814 MiB, 100 %, 64.43 W, 39
2026/09/11 16:11:02.561, 0, 30182 MiB, 0 %, 15.47 W, 40
2026/09/11 16:11:02.561, 1, 18814 MiB, 100 %, 64.69 W, 39
2026/09/11 16:11:04.561, 0, 30182 MiB, 0 %, 15.64 W, 40
2026/09/11 16:11:04.561, 1, 18814 MiB, 100 %, 65.13 W, 39
2026/09/11 16:11:06.561, 0, 30182 MiB, 0 %, 15.91 W, 40
2026/09/11 16:11:06.561, 1, 18814 MiB, 100 %, 64.67 W, 39
2026/09/11 16:11:08.561, 0, 30182 MiB, 0 %, 15.44 W, 40
2026/09/11 16:11:08.561, 1, 18814 MiB, 100 %, 64.78 W, 39
2026/09/11 16:11:10.561, 0, 30182 MiB, 0 %, 15.56 W, 40
2026/09/11 16:11:10.561, 1, 18814 MiB, 100 %, 64.32 W, 39
2026/09/11 16:11:12.562, 0, 30182 MiB, 0 %, 15.40 W, 40
2026/09/11 16:11:12.562, 1, 18814 MiB, 100 %, 64.58 W, 39
2026/09/11 16:11:14.562, 0, 30182 MiB, 0 %, 15.80 W, 40
2026/09/11 16:11:14.562, 1, 18814 MiB, 100 %, 64.51 W, 39
2026/09/11 16:11:16.562, 0, 30182 MiB, 0 %, 15.49 W, 40
2026/09/11 16:11:16.562, 1, 18814 MiB, 100 %, 64.04 W, 39
2026/09/11 16:11:18.562, 0, 30182 MiB, 0 %, 15.21 W, 40
2026/09/11 16:11:18.562, 1, 18814 MiB, 100 %, 64.35 W, 39
2026/09/11 16:11:20.562, 0, 30182 MiB, 0 %, 14.93 W, 40
2026/09/11 16:11:20.563, 1, 18814 MiB, 100 %, 64.17 W, 39
2026/09/11 16:11:22.563, 0, 30182 MiB, 0 %, 15.58 W, 40
2026/09/11 16:11:22.563, 1, 18814 MiB, 100 %, 64.57 W, 39
2026/09/11 16:11:24.563, 0, 30182 MiB, 0 %, 15.60 W, 40
2026/09/11 16:11:24.563, 1, 18814 MiB, 100 %, 64.66 W, 39
2026/09/11 16:11:26.563, 0, 30182 MiB, 0 %, 15.92 W, 40
2026/09/11 16:11:26.563, 1, 18814 MiB, 100 %, 64.65 W, 39
2026/09/11 16:11:28.563, 0, 30182 MiB, 0 %, 16.04 W, 40
2026/09/11 16:11:28.563, 1, 18814 MiB, 100 %, 64.00 W, 39
2026/09/11 16:11:30.564, 0, 30182 MiB, 0 %, 15.61 W, 40
2026/09/11 16:11:30.564, 1, 18814 MiB, 100 %, 64.46 W, 39
2026/09/11 16:11:32.564, 0, 30182 MiB, 0 %, 15.72 W, 40
2026/09/11 16:11:32.564, 1, 18814 MiB, 98 %, 64.30 W, 39
2026/09/11 16:11:34.564, 0, 30182 MiB, 0 %, 15.83 W, 40
2026/09/11 16:11:34.564, 1, 18814 MiB, 100 %, 64.24 W, 39
2026/09/11 16:11:36.564, 0, 30182 MiB, 0 %, 15.53 W, 40
2026/09/11 16:11:36.564, 1, 18814 MiB, 100 %, 64.34 W, 39
2026/09/11 16:11:38.564, 0, 30182 MiB, 0 %, 15.67 W, 40
2026/09/11 16:11:38.564, 1, 18814 MiB, 100 %, 64.21 W, 39
2026/09/11 16:11:40.565, 0, 30182 MiB, 0 %, 15.84 W, 40
2026/09/11 16:11:40.565, 1, 18814 MiB, 100 %, 64.75 W, 39
2026/09/11 16:11:42.565, 0, 30182 MiB, 0 %, 15.57 W, 40
2026/09/11 16:11:42.565, 1, 18814 MiB, 100 %, 64.52 W, 39
2026/09/11 16:11:44.565, 0, 30182 MiB, 0 %, 15.92 W, 40
2026/09/11 16:11:44.565, 1, 18814 MiB, 100 %, 64.34 W, 39
2026/09/11 16:11:46.565, 0, 30182 MiB, 0 %, 15.81 W, 40
2026/09/11 16:11:46.565, 1, 18814 MiB, 100 %, 64.33 W, 39
2026/09/11 16:11:48.566, 0, 30182 MiB, 0 %, 15.71 W, 40
2026/09/11 16:11:48.566, 1, 18814 MiB, 100 %, 64.25 W, 39
2026/09/11 16:11:50.566, 0, 30182 MiB, 0 %, 15.82 W, 40
2026/09/11 16:11:50.566, 1, 18814 MiB, 100 %, 64.09 W, 39
2026/09/11 16:11:52.566, 0, 30182 MiB, 0 %, 15.73 W, 40
2026/09/11 16:11:52.566, 1, 18814 MiB, 100 %, 64.14 W, 39
2026/09/11 16:11:54.566, 0, 30182 MiB, 0 %, 15.68 W, 40
2026/09/11 16:11:54.566, 1, 18814 MiB, 100 %, 63.99 W, 39
2026/09/11 16:11:56.566, 0, 30182 MiB, 0 %, 15.67 W, 40
2026/09/11 16:11:56.567, 1, 18814 MiB, 100 %, 64.43 W, 39
2026/09/11 16:11:58.567, 0, 30182 MiB, 0 %, 15.64 W, 40
2026/09/11 16:11:58.567, 1, 18814 MiB, 100 %, 64.17 W, 39
2026/09/11 16:12:00.567, 0, 30182 MiB, 0 %, 15.59 W, 40
2026/09/11 16:12:00.567, 1, 18814 MiB, 100 %, 64.19 W, 39
2026/09/11 16:12:02.567, 0, 30182 MiB, 0 %, 15.45 W, 40
2026/09/11 16:12:02.567, 1, 18814 MiB, 100 %, 64.52 W, 39
2026/09/11 16:12:04.567, 0, 30182 MiB, 0 %, 15.30 W, 40
2026/09/11 16:12:04.567, 1, 18814 MiB, 100 %, 64.38 W, 39
2026/09/11 16:12:06.568, 0, 30182 MiB, 0 %, 15.37 W, 40
2026/09/11 16:12:06.568, 1, 18814 MiB, 100 %, 64.59 W, 39
2026/09/11 16:12:08.568, 0, 30182 MiB, 0 %, 15.30 W, 40
2026/09/11 16:12:08.568, 1, 18814 MiB, 100 %, 64.73 W, 39
2026/09/11 16:12:10.568, 0, 30182 MiB, 0 %, 15.59 W, 40
2026/09/11 16:12:10.568, 1, 18814 MiB, 100 %, 64.20 W, 39
2026/09/11 16:12:12.568, 0, 30182 MiB, 0 %, 15.35 W, 40
2026/09/11 16:12:12.568, 1, 18814 MiB, 100 %, 64.15 W, 39
2026/09/11 16:12:14.568, 0, 30182 MiB, 0 %, 15.65 W, 40
2026/09/11 16:12:14.568, 1, 18814 MiB, 100 %, 64.53 W, 39
2026/09/11 16:12:16.569, 0, 30182 MiB, 0 %, 15.67 W, 40
2026/09/11 16:12:16.569, 1, 18814 MiB, 100 %, 64.64 W, 39
2026/09/11 16:12:18.569, 0, 30182 MiB, 0 %, 15.57 W, 40
2026/09/11 16:12:18.569, 1, 18814 MiB, 100 %, 64.38 W, 39
2026/09/11 16:12:20.569, 0, 30182 MiB, 0 %, 15.33 W, 40
2026/09/11 16:12:20.569, 1, 18814 MiB, 100 %, 64.52 W, 39
2026/09/11 16:12:22.569, 0, 30182 MiB, 0 %, 15.54 W, 40
2026/09/11 16:12:22.569, 1, 18814 MiB, 100 %, 64.47 W, 39
2026/09/11 16:12:24.570, 0, 30182 MiB, 0 %, 15.18 W, 40
2026/09/11 16:12:24.570, 1, 18814 MiB, 100 %, 64.71 W, 39
2026/09/11 16:12:26.570, 0, 30182 MiB, 0 %, 14.97 W, 40
2026/09/11 16:12:26.570, 1, 18814 MiB, 100 %, 64.55 W, 39
2026/09/11 16:12:28.570, 0, 30182 MiB, 0 %, 14.90 W, 40
2026/09/11 16:12:28.570, 1, 18814 MiB, 100 %, 64.25 W, 39
2026/09/11 16:12:30.570, 0, 30182 MiB, 0 %, 14.60 W, 40
2026/09/11 16:12:30.570, 1, 18814 MiB, 100 %, 64.47 W, 39
2026/09/11 16:12:32.570, 0, 30182 MiB, 0 %, 14.96 W, 40
2026/09/11 16:12:32.570, 1, 18814 MiB, 100 %, 64.60 W, 39
2026/09/11 16:12:34.571, 0, 30182 MiB, 0 %, 15.23 W, 40
2026/09/11 16:12:34.571, 1, 18814 MiB, 100 %, 64.65 W, 39
2026/09/11 16:12:36.571, 0, 30182 MiB, 0 %, 15.40 W, 40
2026/09/11 16:12:36.571, 1, 18814 MiB, 100 %, 64.29 W, 39
2026/09/11 16:12:38.571, 0, 30182 MiB, 0 %, 15.25 W, 40
2026/09/11 16:12:38.571, 1, 18814 MiB, 100 %, 64.60 W, 39
2026/09/11 16:12:40.571, 0, 30182 MiB, 0 %, 15.15 W, 40
2026/09/11 16:12:40.571, 1, 18814 MiB, 100 %, 64.69 W, 39
2026/09/11 16:12:42.571, 0, 30182 MiB, 0 %, 14.98 W, 40
2026/09/11 16:12:42.571, 1, 18814 MiB, 100 %, 64.35 W, 39
2026/09/11 16:12:44.572, 0, 30182 MiB, 0 %, 15.24 W, 40
2026/09/11 16:12:44.572, 1, 18814 MiB, 100 %, 64.69 W, 39
2026/09/11 16:12:46.572, 0, 30182 MiB, 0 %, 15.37 W, 40
2026/09/11 16:12:46.572, 1, 18814 MiB, 100 %, 64.64 W, 39
2026/09/11 16:12:48.572, 0, 30182 MiB, 0 %, 15.48 W, 40
2026/09/11 16:12:48.572, 1, 18814 MiB, 100 %, 64.34 W, 39
2026/09/11 16:12:50.572, 0, 30182 MiB, 0 %, 15.28 W, 40
2026/09/11 16:12:50.572, 1, 18814 MiB, 100 %, 64.36 W, 39
2026/09/11 16:12:52.573, 0, 30182 MiB, 0 %, 15.20 W, 40
2026/09/11 16:12:52.573, 1, 18814 MiB, 100 %, 64.56 W, 39
2026/09/11 16:12:54.573, 0, 30182 MiB, 0 %, 15.51 W, 40
2026/09/11 16:12:54.573, 1, 18814 MiB, 100 %, 64.47 W, 39
2026/09/11 16:12:56.573, 0, 30182 MiB, 0 %, 15.23 W, 40
2026/09/11 16:12:56.573, 1, 18814 MiB, 100 %, 64.65 W, 39
2026/09/11 16:12:58.573, 0, 30182 MiB, 0 %, 15.43 W, 40
2026/09/11 16:12:58.573, 1, 18814 MiB, 100 %, 64.83 W, 39
2026/09/11 16:13:00.573, 0, 30182 MiB, 0 %, 15.21 W, 40
2026/09/11 16:13:00.573, 1, 18814 MiB, 100 %, 64.36 W, 39
2026/09/11 16:13:02.574, 0, 30182 MiB, 0 %, 15.63 W, 40
2026/09/11 16:13:02.574, 1, 18814 MiB, 100 %, 64.44 W, 39
2026/09/11 16:13:04.574, 0, 30182 MiB, 0 %, 15.82 W, 40
2026/09/11 16:13:04.574, 1, 18814 MiB, 100 %, 64.49 W, 39
2026/09/11 16:13:06.574, 0, 30182 MiB, 0 %, 15.79 W, 40
2026/09/11 16:13:06.574, 1, 18814 MiB, 100 %, 64.40 W, 39
2026/09/11 16:13:08.574, 0, 30182 MiB, 0 %, 16.08 W, 40
2026/09/11 16:13:08.574, 1, 18814 MiB, 100 %, 64.33 W, 39
2026/09/11 16:13:10.575, 0, 30182 MiB, 0 %, 16.23 W, 40
2026/09/11 16:13:10.575, 1, 18814 MiB, 100 %, 64.53 W, 39
2026/09/11 16:13:12.575, 0, 30182 MiB, 0 %, 15.65 W, 40
2026/09/11 16:13:12.575, 1, 18814 MiB, 100 %, 64.06 W, 39
2026/09/11 16:13:14.575, 0, 30182 MiB, 0 %, 15.71 W, 40
2026/09/11 16:13:14.575, 1, 18814 MiB, 100 %, 63.90 W, 39
2026/09/11 16:13:16.575, 0, 30182 MiB, 0 %, 15.67 W, 40
2026/09/11 16:13:16.575, 1, 18814 MiB, 100 %, 63.81 W, 39
2026/09/11 16:13:18.575, 0, 30182 MiB, 0 %, 15.52 W, 40
2026/09/11 16:13:18.576, 1, 18814 MiB, 100 %, 64.17 W, 39
2026/09/11 16:13:20.576, 0, 30182 MiB, 0 %, 15.61 W, 40
2026/09/11 16:13:20.576, 1, 18814 MiB, 100 %, 64.47 W, 39
2026/09/11 16:13:22.576, 0, 30182 MiB, 0 %, 15.53 W, 40
2026/09/11 16:13:22.576, 1, 18814 MiB, 100 %, 64.60 W, 39
2026/09/11 16:13:24.576, 0, 30182 MiB, 0 %, 15.22 W, 40
2026/09/11 16:13:24.576, 1, 18814 MiB, 100 %, 64.24 W, 39
2026/09/11 16:13:26.576, 0, 30182 MiB, 0 %, 15.20 W, 40
2026/09/11 16:13:26.576, 1, 18814 MiB, 100 %, 64.55 W, 39
2026/09/11 16:13:28.577, 0, 30182 MiB, 0 %, 15.48 W, 40
2026/09/11 16:13:28.577, 1, 18814 MiB, 100 %, 64.89 W, 39
2026/09/11 16:13:30.577, 0, 30182 MiB, 0 %, 15.49 W, 40
2026/09/11 16:13:30.577, 1, 18814 MiB, 100 %, 64.34 W, 39
2026/09/11 16:13:32.577, 0, 30182 MiB, 0 %, 15.57 W, 40
2026/09/11 16:13:32.577, 1, 18814 MiB, 100 %, 64.34 W, 39
2026/09/11 16:13:34.577, 0, 30182 MiB, 0 %, 15.59 W, 40
2026/09/11 16:13:34.577, 1, 18814 MiB, 100 %, 64.19 W, 39
2026/09/11 16:13:36.577, 0, 30182 MiB, 0 %, 15.23 W, 40
2026/09/11 16:13:36.577, 1, 18814 MiB, 100 %, 64.65 W, 39
2026/09/11 16:13:38.578, 0, 30182 MiB, 0 %, 15.40 W, 40
2026/09/11 16:13:38.578, 1, 18814 MiB, 100 %, 64.54 W, 39
2026/09/11 16:13:40.578, 0, 30182 MiB, 0 %, 15.63 W, 40
2026/09/11 16:13:40.578, 1, 18814 MiB, 100 %, 64.71 W, 39
2026/09/11 16:13:42.578, 0, 30182 MiB, 0 %, 15.33 W, 40
2026/09/11 16:13:42.578, 1, 18814 MiB, 100 %, 64.75 W, 39
2026/09/11 16:13:44.578, 0, 30182 MiB, 0 %, 15.50 W, 40
2026/09/11 16:13:44.578, 1, 18814 MiB, 100 %, 64.42 W, 39
2026/09/11 16:13:46.578, 0, 30182 MiB, 0 %, 15.89 W, 40
2026/09/11 16:13:46.579, 1, 18814 MiB, 100 %, 64.42 W, 39
2026/09/11 16:13:48.579, 0, 30182 MiB, 0 %, 15.70 W, 40
2026/09/11 16:13:48.579, 1, 18814 MiB, 100 %, 64.34 W, 39
2026/09/11 16:13:50.579, 0, 30182 MiB, 0 %, 15.51 W, 40
2026/09/11 16:13:50.579, 1, 18814 MiB, 100 %, 63.92 W, 39
2026/09/11 16:13:52.579, 0, 30182 MiB, 0 %, 15.52 W, 40
2026/09/11 16:13:52.579, 1, 18814 MiB, 100 %, 64.19 W, 39
2026/09/11 16:13:54.579, 0, 30182 MiB, 0 %, 15.61 W, 40
2026/09/11 16:13:54.579, 1, 18814 MiB, 100 %, 64.37 W, 39
2026/09/11 16:13:56.579, 0, 30182 MiB, 0 %, 15.23 W, 40
2026/09/11 16:13:56.580, 1, 18814 MiB, 100 %, 64.27 W, 39
2026/09/11 16:13:58.580, 0, 30182 MiB, 0 %, 15.51 W, 40
2026/09/11 16:13:58.580, 1, 18814 MiB, 100 %, 64.03 W, 39
2026/09/11 16:14:00.580, 0, 30182 MiB, 0 %, 15.19 W, 40
2026/09/11 16:14:00.580, 1, 18814 MiB, 100 %, 64.19 W, 39
2026/09/11 16:14:02.580, 0, 30182 MiB, 0 %, 15.17 W, 40
2026/09/11 16:14:02.580, 1, 18814 MiB, 100 %, 64.73 W, 39
2026/09/11 16:14:04.580, 0, 30182 MiB, 0 %, 15.28 W, 40
2026/09/11 16:14:04.580, 1, 18814 MiB, 100 %, 64.94 W, 39
2026/09/11 16:14:06.581, 0, 30182 MiB, 0 %, 14.78 W, 40
2026/09/11 16:14:06.581, 1, 18814 MiB, 100 %, 64.50 W, 39
2026/09/11 16:14:08.581, 0, 30182 MiB, 0 %, 15.06 W, 40
2026/09/11 16:14:08.581, 1, 18814 MiB, 100 %, 64.17 W, 39
2026/09/11 16:14:10.581, 0, 30182 MiB, 0 %, 15.47 W, 40
2026/09/11 16:14:10.581, 1, 18814 MiB, 100 %, 64.48 W, 39
2026/09/11 16:14:12.581, 0, 30182 MiB, 0 %, 15.53 W, 40
2026/09/11 16:14:12.581, 1, 18814 MiB, 100 %, 64.22 W, 39
2026/09/11 16:14:14.581, 0, 30182 MiB, 0 %, 15.90 W, 40
2026/09/11 16:14:14.581, 1, 18814 MiB, 100 %, 64.21 W, 39
2026/09/11 16:14:16.582, 0, 30182 MiB, 0 %, 16.01 W, 40
2026/09/11 16:14:16.582, 1, 18814 MiB, 100 %, 64.18 W, 39
2026/09/11 16:14:18.582, 0, 30182 MiB, 0 %, 16.33 W, 40
2026/09/11 16:14:18.582, 1, 18814 MiB, 100 %, 64.14 W, 39
2026/09/11 16:14:20.582, 0, 30182 MiB, 0 %, 15.99 W, 40
2026/09/11 16:14:20.582, 1, 18814 MiB, 100 %, 64.30 W, 39
2026/09/11 16:14:22.582, 0, 30182 MiB, 0 %, 16.13 W, 40
2026/09/11 16:14:22.582, 1, 18814 MiB, 100 %, 64.34 W, 39
2026/09/11 16:14:24.582, 0, 30182 MiB, 0 %, 15.94 W, 40
2026/09/11 16:14:24.583, 1, 18814 MiB, 100 %, 64.26 W, 39
2026/09/11 16:14:26.583, 0, 30182 MiB, 0 %, 16.12 W, 40
2026/09/11 16:14:26.583, 1, 18814 MiB, 100 %, 64.51 W, 39
2026/09/11 16:14:28.583, 0, 30182 MiB, 0 %, 16.24 W, 40
2026/09/11 16:14:28.583, 1, 18814 MiB, 100 %, 64.14 W, 39
2026/09/11 16:14:30.583, 0, 30182 MiB, 0 %, 15.93 W, 40
2026/09/11 16:14:30.583, 1, 18814 MiB, 100 %, 64.16 W, 39
2026/09/11 16:14:32.583, 0, 30182 MiB, 0 %, 16.40 W, 40
2026/09/11 16:14:32.583, 1, 18814 MiB, 100 %, 64.18 W, 39
2026/09/11 16:14:34.584, 0, 30182 MiB, 0 %, 15.96 W, 40
2026/09/11 16:14:34.584, 1, 18814 MiB, 100 %, 63.88 W, 39
2026/09/11 16:14:36.584, 0, 30182 MiB, 0 %, 15.99 W, 40
2026/09/11 16:14:36.584, 1, 18814 MiB, 100 %, 63.99 W, 39
2026/09/11 16:14:38.584, 0, 30182 MiB, 0 %, 15.76 W, 40
2026/09/11 16:14:38.584, 1, 18814 MiB, 100 %, 63.98 W, 39
2026/09/11 16:14:40.584, 0, 30182 MiB, 0 %, 15.76 W, 40
2026/09/11 16:14:40.584, 1, 18814 MiB, 100 %, 63.88 W, 39
2026/09/11 16:14:42.584, 0, 30182 MiB, 0 %, 15.96 W, 40
2026/09/11 16:14:42.584, 1, 18814 MiB, 100 %, 63.87 W, 39
2026/09/11 16:14:44.585, 0, 30182 MiB, 0 %, 15.61 W, 40
2026/09/11 16:14:44.585, 1, 18814 MiB, 100 %, 64.05 W, 39
2026/09/11 16:14:46.585, 0, 30182 MiB, 0 %, 15.54 W, 40
2026/09/11 16:14:46.585, 1, 18814 MiB, 100 %, 63.90 W, 39
2026/09/11 16:14:48.585, 0, 30182 MiB, 0 %, 15.44 W, 40
2026/09/11 16:14:48.585, 1, 18814 MiB, 100 %, 64.04 W, 39
2026/09/11 16:14:50.585, 0, 30182 MiB, 0 %, 15.81 W, 40
2026/09/11 16:14:50.585, 1, 18814 MiB, 100 %, 63.89 W, 39
2026/09/11 16:14:52.585, 0, 30182 MiB, 0 %, 15.67 W, 40
2026/09/11 16:14:52.585, 1, 18814 MiB, 100 %, 64.27 W, 39
2026/09/11 16:14:54.586, 0, 30182 MiB, 0 %, 15.81 W, 40
2026/09/11 16:14:54.586, 1, 18814 MiB, 100 %, 64.00 W, 39
2026/09/11 16:14:56.586, 0, 30182 MiB, 0 %, 15.73 W, 40
2026/09/11 16:14:56.586, 1, 18814 MiB, 100 %, 63.80 W, 39
2026/09/11 16:14:58.586, 0, 30182 MiB, 0 %, 15.83 W, 40
2026/09/11 16:14:58.586, 1, 18814 MiB, 100 %, 63.67 W, 39
2026/09/11 16:15:00.586, 0, 30182 MiB, 0 %, 15.90 W, 40
2026/09/11 16:15:00.586, 1, 18814 MiB, 100 %, 63.80 W, 39
2026/09/11 16:15:02.586, 0, 30182 MiB, 0 %, 15.67 W, 40
2026/09/11 16:15:02.587, 1, 18814 MiB, 100 %, 63.63 W, 39
2026/09/11 16:15:04.587, 0, 30182 MiB, 0 %, 15.52 W, 40
2026/09/11 16:15:04.587, 1, 18814 MiB, 100 %, 64.05 W, 39
2026/09/11 16:15:06.587, 0, 30182 MiB, 0 %, 15.68 W, 40
2026/09/11 16:15:06.587, 1, 18814 MiB, 100 %, 63.62 W, 39
2026/09/11 16:15:08.587, 0, 30182 MiB, 0 %, 15.93 W, 40
2026/09/11 16:15:08.587, 1, 18814 MiB, 100 %, 63.87 W, 39
2026/09/11 16:15:10.587, 0, 30182 MiB, 0 %, 15.85 W, 40
2026/09/11 16:15:10.587, 1, 18814 MiB, 100 %, 64.31 W, 39
2026/09/11 16:15:12.588, 0, 30182 MiB, 0 %, 16.06 W, 40
2026/09/11 16:15:12.588, 1, 18814 MiB, 100 %, 64.12 W, 39
2026/09/11 16:15:14.588, 0, 30182 MiB, 0 %, 16.04 W, 40
2026/09/11 16:15:14.588, 1, 18814 MiB, 100 %, 63.91 W, 39
2026/09/11 16:15:16.588, 0, 30182 MiB, 0 %, 15.52 W, 40
2026/09/11 16:15:16.588, 1, 18814 MiB, 100 %, 63.64 W, 39
2026/09/11 16:15:18.588, 0, 30182 MiB, 0 %, 15.95 W, 40
2026/09/11 16:15:18.588, 1, 18814 MiB, 100 %, 63.64 W, 39
2026/09/11 16:15:20.588, 0, 30182 MiB, 0 %, 15.99 W, 40
2026/09/11 16:15:20.588, 1, 18814 MiB, 100 %, 63.71 W, 39
2026/09/11 16:15:22.589, 0, 30182 MiB, 0 %, 16.44 W, 40
2026/09/11 16:15:22.589, 1, 18814 MiB, 100 %, 63.84 W, 39
2026/09/11 16:15:24.589, 0, 30182 MiB, 0 %, 16.13 W, 40
2026/09/11 16:15:24.589, 1, 18814 MiB, 100 %, 64.03 W, 39
2026/09/11 16:15:26.589, 0, 30182 MiB, 0 %, 15.90 W, 40
2026/09/11 16:15:26.589, 1, 18814 MiB, 100 %, 63.86 W, 39
2026/09/11 16:15:28.589, 0, 30182 MiB, 0 %, 16.16 W, 40
2026/09/11 16:15:28.589, 1, 18814 MiB, 100 %, 64.07 W, 39
2026/09/11 16:15:30.590, 0, 30182 MiB, 0 %, 16.12 W, 40
2026/09/11 16:15:30.590, 1, 18814 MiB, 100 %, 64.61 W, 39
2026/09/11 16:15:32.590, 0, 30182 MiB, 0 %, 16.49 W, 40
2026/09/11 16:15:32.590, 1, 18814 MiB, 100 %, 64.32 W, 39
2026/09/11 16:15:34.590, 0, 30182 MiB, 0 %, 16.50 W, 40
2026/09/11 16:15:34.590, 1, 18814 MiB, 100 %, 64.39 W, 39
2026/09/11 16:15:36.590, 0, 30182 MiB, 0 %, 16.30 W, 39
2026/09/11 16:15:36.590, 1, 18814 MiB, 100 %, 64.42 W, 39
2026/09/11 16:15:38.590, 0, 30182 MiB, 0 %, 16.22 W, 40
2026/09/11 16:15:38.590, 1, 18814 MiB, 100 %, 64.36 W, 39
2026/09/11 16:15:40.591, 0, 30182 MiB, 0 %, 15.95 W, 40
2026/09/11 16:15:40.591, 1, 18814 MiB, 100 %, 64.07 W, 39
2026/09/11 16:15:42.591, 0, 30182 MiB, 0 %, 15.82 W, 39
2026/09/11 16:15:42.591, 1, 18814 MiB, 100 %, 63.76 W, 39
2026/09/11 16:15:44.591, 0, 30182 MiB, 0 %, 15.66 W, 39
2026/09/11 16:15:44.591, 1, 18814 MiB, 100 %, 63.70 W, 39
2026/09/11 16:15:46.591, 0, 30182 MiB, 0 %, 15.79 W, 39
2026/09/11 16:15:46.591, 1, 18814 MiB, 100 %, 63.78 W, 39
2026/09/11 16:15:48.591, 0, 30182 MiB, 0 %, 15.73 W, 39
2026/09/11 16:15:48.592, 1, 18814 MiB, 100 %, 63.84 W, 39
2026/09/11 16:15:50.592, 0, 30182 MiB, 0 %, 15.64 W, 39
2026/09/11 16:15:50.592, 1, 18814 MiB, 100 %, 64.12 W, 39
2026/09/11 16:15:52.592, 0, 30182 MiB, 0 %, 15.57 W, 39
2026/09/11 16:15:52.592, 1, 18814 MiB, 100 %, 63.96 W, 39
2026/09/11 16:15:54.592, 0, 30182 MiB, 0 %, 15.91 W, 39
2026/09/11 16:15:54.592, 1, 18814 MiB, 100 %, 64.00 W, 39
2026/09/11 16:15:56.592, 0, 30182 MiB, 0 %, 16.20 W, 39
2026/09/11 16:15:56.592, 1, 18814 MiB, 100 %, 63.76 W, 39
2026/09/11 16:15:58.593, 0, 30182 MiB, 0 %, 15.70 W, 39
2026/09/11 16:15:58.593, 1, 18814 MiB, 100 %, 63.94 W, 39
2026/09/11 16:16:00.593, 0, 30182 MiB, 0 %, 15.84 W, 39
2026/09/11 16:16:00.593, 1, 18814 MiB, 100 %, 64.05 W, 39
2026/09/11 16:16:02.593, 0, 30182 MiB, 0 %, 15.70 W, 39
2026/09/11 16:16:02.593, 1, 18814 MiB, 100 %, 63.60 W, 39
2026/09/11 16:16:04.593, 0, 30182 MiB, 0 %, 15.84 W, 39
2026/09/11 16:16:04.593, 1, 18814 MiB, 100 %, 63.97 W, 39
2026/09/11 16:16:06.593, 0, 30182 MiB, 0 %, 15.91 W, 39
2026/09/11 16:16:06.593, 1, 18814 MiB, 100 %, 63.87 W, 39
2026/09/11 16:16:08.594, 0, 30182 MiB, 0 %, 16.02 W, 39
2026/09/11 16:16:08.594, 1, 18814 MiB, 100 %, 63.58 W, 39
2026/09/11 16:16:10.594, 0, 30182 MiB, 0 %, 15.77 W, 39
2026/09/11 16:16:10.594, 1, 18814 MiB, 100 %, 64.14 W, 39
2026/09/11 16:16:12.594, 0, 30182 MiB, 0 %, 15.71 W, 39
2026/09/11 16:16:12.594, 1, 18814 MiB, 100 %, 64.43 W, 39
2026/09/11 16:16:14.594, 0, 30182 MiB, 0 %, 15.52 W, 39
2026/09/11 16:16:14.594, 1, 18814 MiB, 100 %, 64.10 W, 39
2026/09/11 16:16:16.594, 0, 30182 MiB, 0 %, 15.77 W, 39
2026/09/11 16:16:16.594, 1, 18814 MiB, 100 %, 64.14 W, 39
2026/09/11 16:16:18.595, 0, 30182 MiB, 0 %, 15.65 W, 39
2026/09/11 16:16:18.595, 1, 18814 MiB, 100 %, 64.04 W, 39
2026/09/11 16:16:20.595, 0, 30182 MiB, 0 %, 15.68 W, 39
2026/09/11 16:16:20.595, 1, 18814 MiB, 100 %, 64.08 W, 39
2026/09/11 16:16:22.595, 0, 30182 MiB, 0 %, 16.05 W, 39
2026/09/11 16:16:22.595, 1, 18814 MiB, 100 %, 63.74 W, 39
2026/09/11 16:16:24.595, 0, 30182 MiB, 0 %, 15.36 W, 39
2026/09/11 16:16:24.595, 1, 18814 MiB, 100 %, 63.96 W, 39
2026/09/11 16:16:26.595, 0, 30182 MiB, 0 %, 15.54 W, 39
2026/09/11 16:16:26.595, 1, 18814 MiB, 100 %, 64.07 W, 39
2026/09/11 16:16:28.596, 0, 30182 MiB, 0 %, 15.30 W, 39
2026/09/11 16:16:28.596, 1, 18814 MiB, 100 %, 64.21 W, 39
2026/09/11 16:16:30.596, 0, 30182 MiB, 0 %, 15.57 W, 39
2026/09/11 16:16:30.596, 1, 18814 MiB, 100 %, 64.06 W, 39
2026/09/11 16:16:32.596, 0, 30182 MiB, 0 %, 15.24 W, 39
2026/09/11 16:16:32.596, 1, 18814 MiB, 100 %, 64.08 W, 39
2026/09/11 16:16:34.596, 0, 30182 MiB, 0 %, 15.73 W, 39
2026/09/11 16:16:34.596, 1, 18814 MiB, 100 %, 64.33 W, 39
2026/09/11 16:16:36.596, 0, 30182 MiB, 0 %, 15.70 W, 39
2026/09/11 16:16:36.596, 1, 18814 MiB, 100 %, 64.38 W, 39
2026/09/11 16:16:38.597, 0, 30182 MiB, 0 %, 15.51 W, 39
2026/09/11 16:16:38.597, 1, 18814 MiB, 100 %, 64.45 W, 39
2026/09/11 16:16:40.597, 0, 30182 MiB, 0 %, 15.45 W, 39
2026/09/11 16:16:40.597, 1, 18814 MiB, 100 %, 64.16 W, 39
2026/09/11 16:16:42.597, 0, 30182 MiB, 0 %, 15.75 W, 39
2026/09/11 16:16:42.597, 1, 18814 MiB, 100 %, 64.34 W, 39
2026/09/11 16:16:44.597, 0, 30182 MiB, 0 %, 16.12 W, 39
2026/09/11 16:16:44.597, 1, 18814 MiB, 100 %, 64.01 W, 39
2026/09/11 16:16:46.597, 0, 30182 MiB, 0 %, 16.17 W, 39
2026/09/11 16:16:46.598, 1, 18814 MiB, 100 %, 64.43 W, 39
2026/09/11 16:16:48.598, 0, 30182 MiB, 0 %, 16.15 W, 39
2026/09/11 16:16:48.598, 1, 18814 MiB, 100 %, 64.74 W, 39
2026/09/11 16:16:50.598, 0, 30182 MiB, 0 %, 16.39 W, 39
2026/09/11 16:16:50.598, 1, 18814 MiB, 100 %, 64.44 W, 39
2026/09/11 16:16:52.598, 0, 30182 MiB, 0 %, 16.42 W, 39
2026/09/11 16:16:52.598, 1, 18814 MiB, 100 %, 64.78 W, 39
2026/09/11 16:16:54.598, 0, 30182 MiB, 0 %, 16.56 W, 39
2026/09/11 16:16:54.598, 1, 18814 MiB, 100 %, 64.70 W, 39
2026/09/11 16:16:56.599, 0, 30182 MiB, 0 %, 16.45 W, 39
2026/09/11 16:16:56.599, 1, 18814 MiB, 100 %, 64.51 W, 39
2026/09/11 16:16:58.599, 0, 30182 MiB, 0 %, 16.20 W, 39
2026/09/11 16:16:58.599, 1, 18814 MiB, 100 %, 64.92 W, 39
2026/09/11 16:17:00.599, 0, 30182 MiB, 0 %, 16.42 W, 39
2026/09/11 16:17:00.599, 1, 18814 MiB, 100 %, 64.57 W, 39
2026/09/11 16:17:02.599, 0, 30182 MiB, 0 %, 16.59 W, 39
2026/09/11 16:17:02.599, 1, 18814 MiB, 100 %, 64.39 W, 39
2026/09/11 16:17:04.599, 0, 30182 MiB, 0 %, 17.00 W, 39
2026/09/11 16:17:04.600, 1, 18814 MiB, 100 %, 64.39 W, 39
2026/09/11 16:17:06.600, 0, 30182 MiB, 0 %, 16.73 W, 39
2026/09/11 16:17:06.600, 1, 18814 MiB, 100 %, 64.61 W, 39
2026/09/11 16:17:08.600, 0, 30182 MiB, 0 %, 16.65 W, 39
2026/09/11 16:17:08.600, 1, 18814 MiB, 100 %, 64.50 W, 39
2026/09/11 16:17:10.600, 0, 30182 MiB, 0 %, 16.15 W, 39
2026/09/11 16:17:10.600, 1, 18814 MiB, 100 %, 64.21 W, 39
2026/09/11 16:17:12.600, 0, 30182 MiB, 0 %, 15.70 W, 39
2026/09/11 16:17:12.600, 1, 18814 MiB, 100 %, 64.20 W, 39
2026/09/11 16:17:14.601, 0, 30182 MiB, 0 %, 15.79 W, 39
2026/09/11 16:17:14.601, 1, 18814 MiB, 100 %, 64.56 W, 39
2026/09/11 16:17:16.601, 0, 30182 MiB, 0 %, 15.91 W, 39
2026/09/11 16:17:16.601, 1, 18814 MiB, 100 %, 64.53 W, 39
2026/09/11 16:17:18.601, 0, 30182 MiB, 0 %, 16.14 W, 39
2026/09/11 16:17:18.601, 1, 18814 MiB, 100 %, 64.63 W, 39
2026/09/11 16:17:20.601, 0, 30182 MiB, 0 %, 16.11 W, 39
2026/09/11 16:17:20.601, 1, 18814 MiB, 100 %, 64.64 W, 39
2026/09/11 16:17:22.601, 0, 30182 MiB, 0 %, 16.13 W, 39
2026/09/11 16:17:22.602, 1, 18814 MiB, 100 %, 64.71 W, 39
2026/09/11 16:17:24.602, 0, 30182 MiB, 0 %, 15.94 W, 39
2026/09/11 16:17:24.602, 1, 18814 MiB, 100 %, 64.57 W, 39
2026/09/11 16:17:26.602, 0, 30182 MiB, 0 %, 15.79 W, 39
2026/09/11 16:17:26.602, 1, 18814 MiB, 100 %, 64.77 W, 39
2026/09/11 16:17:28.602, 0, 30182 MiB, 0 %, 16.42 W, 39
2026/09/11 16:17:28.602, 1, 18814 MiB, 100 %, 64.78 W, 39
2026/09/11 16:17:30.603, 0, 30182 MiB, 0 %, 16.25 W, 39
2026/09/11 16:17:30.603, 1, 18814 MiB, 100 %, 65.19 W, 39
2026/09/11 16:17:32.603, 0, 30182 MiB, 0 %, 16.53 W, 39
2026/09/11 16:17:32.603, 1, 18814 MiB, 100 %, 65.19 W, 39
2026/09/11 16:17:34.603, 0, 30182 MiB, 0 %, 16.18 W, 39
2026/09/11 16:17:34.604, 1, 18814 MiB, 100 %, 64.41 W, 39
2026/09/11 16:17:36.604, 0, 30182 MiB, 0 %, 16.19 W, 39
2026/09/11 16:17:36.604, 1, 18814 MiB, 100 %, 64.56 W, 39
2026/09/11 16:17:38.604, 0, 30182 MiB, 0 %, 15.99 W, 39
2026/09/11 16:17:38.604, 1, 18814 MiB, 100 %, 64.54 W, 39
2026/09/11 16:17:40.604, 0, 30182 MiB, 0 %, 15.92 W, 39
2026/09/11 16:17:40.604, 1, 18814 MiB, 100 %, 64.87 W, 39
2026/09/11 16:17:42.604, 0, 30182 MiB, 0 %, 15.86 W, 39
2026/09/11 16:17:42.604, 1, 18814 MiB, 100 %, 64.69 W, 39
2026/09/11 16:17:44.605, 0, 30182 MiB, 0 %, 16.17 W, 39
2026/09/11 16:17:44.605, 1, 18814 MiB, 100 %, 64.73 W, 39
2026/09/11 16:17:46.605, 0, 30182 MiB, 0 %, 15.76 W, 39
2026/09/11 16:17:46.605, 1, 18814 MiB, 100 %, 65.16 W, 39
2026/09/11 16:17:48.605, 0, 30182 MiB, 0 %, 15.67 W, 39
2026/09/11 16:17:48.605, 1, 18814 MiB, 100 %, 64.79 W, 39
2026/09/11 16:17:50.605, 0, 30182 MiB, 0 %, 15.66 W, 39
2026/09/11 16:17:50.605, 1, 18814 MiB, 100 %, 64.93 W, 39
2026/09/11 16:17:52.606, 0, 30182 MiB, 0 %, 15.56 W, 39
2026/09/11 16:17:52.606, 1, 18814 MiB, 100 %, 64.47 W, 39
2026/09/11 16:17:54.606, 0, 30182 MiB, 0 %, 15.65 W, 39
2026/09/11 16:17:54.606, 1, 18814 MiB, 100 %, 64.35 W, 39
2026/09/11 16:17:56.606, 0, 30182 MiB, 0 %, 16.04 W, 39
2026/09/11 16:17:56.606, 1, 18814 MiB, 100 %, 64.78 W, 39
2026/09/11 16:17:58.606, 0, 30182 MiB, 0 %, 16.10 W, 39
2026/09/11 16:17:58.606, 1, 18814 MiB, 100 %, 64.67 W, 39
2026/09/11 16:18:00.606, 0, 30182 MiB, 0 %, 15.92 W, 39
2026/09/11 16:18:00.606, 1, 18814 MiB, 100 %, 64.79 W, 39
2026/09/11 16:18:02.607, 0, 30182 MiB, 0 %, 15.86 W, 39
2026/09/11 16:18:02.607, 1, 18814 MiB, 100 %, 64.90 W, 39
2026/09/11 16:18:04.607, 0, 30182 MiB, 0 %, 15.93 W, 39
2026/09/11 16:18:04.607, 1, 18814 MiB, 100 %, 64.82 W, 39
2026/09/11 16:18:06.607, 0, 30182 MiB, 0 %, 15.92 W, 39
2026/09/11 16:18:06.607, 1, 18814 MiB, 100 %, 64.93 W, 39
2026/09/11 16:18:08.607, 0, 30182 MiB, 0 %, 15.64 W, 39
2026/09/11 16:18:08.607, 1, 18814 MiB, 100 %, 64.58 W, 39
2026/09/11 16:18:10.607, 0, 30182 MiB, 0 %, 15.70 W, 39
2026/09/11 16:18:10.607, 1, 18814 MiB, 100 %, 64.66 W, 39
2026/09/11 16:18:12.608, 0, 30182 MiB, 0 %, 15.95 W, 39
2026/09/11 16:18:12.608, 1, 18814 MiB, 100 %, 64.68 W, 39
2026/09/11 16:18:14.608, 0, 30182 MiB, 0 %, 15.58 W, 39
2026/09/11 16:18:14.608, 1, 18814 MiB, 100 %, 65.30 W, 39
2026/09/11 16:18:16.608, 0, 30182 MiB, 0 %, 15.69 W, 39
2026/09/11 16:18:16.608, 1, 18814 MiB, 100 %, 65.52 W, 39
2026/09/11 16:18:18.608, 0, 30182 MiB, 0 %, 16.02 W, 39
2026/09/11 16:18:18.608, 1, 18814 MiB, 100 %, 65.03 W, 39
2026/09/11 16:18:20.608, 0, 30182 MiB, 0 %, 15.67 W, 39
2026/09/11 16:18:20.609, 1, 18814 MiB, 100 %, 64.95 W, 39
2026/09/11 16:18:22.609, 0, 30182 MiB, 0 %, 15.96 W, 39
2026/09/11 16:18:22.609, 1, 18814 MiB, 100 %, 65.14 W, 39
2026/09/11 16:18:24.609, 0, 30182 MiB, 0 %, 15.88 W, 39
2026/09/11 16:18:24.609, 1, 18814 MiB, 100 %, 64.60 W, 39
2026/09/11 16:18:26.609, 0, 30182 MiB, 0 %, 15.83 W, 39
2026/09/11 16:18:26.609, 1, 18814 MiB, 100 %, 64.86 W, 39
2026/09/11 16:18:28.609, 0, 30182 MiB, 0 %, 16.03 W, 39
2026/09/11 16:18:28.609, 1, 18814 MiB, 100 %, 64.61 W, 39
2026/09/11 16:18:30.610, 0, 30182 MiB, 0 %, 16.03 W, 39
2026/09/11 16:18:30.610, 1, 18814 MiB, 100 %, 65.26 W, 39
2026/09/11 16:18:32.610, 0, 30182 MiB, 0 %, 16.03 W, 39
2026/09/11 16:18:32.610, 1, 18814 MiB, 100 %, 65.08 W, 39
2026/09/11 16:18:34.610, 0, 30182 MiB, 0 %, 16.08 W, 39
2026/09/11 16:18:34.610, 1, 18814 MiB, 100 %, 65.06 W, 39
2026/09/11 16:18:36.610, 0, 30182 MiB, 0 %, 16.28 W, 39
2026/09/11 16:18:36.610, 1, 18814 MiB, 100 %, 65.05 W, 39
2026/09/11 16:18:38.610, 0, 30182 MiB, 0 %, 15.85 W, 39
2026/09/11 16:18:38.611, 1, 18814 MiB, 100 %, 64.82 W, 39
2026/09/11 16:18:40.611, 0, 30182 MiB, 0 %, 15.61 W, 39
2026/09/11 16:18:40.611, 1, 18814 MiB, 100 %, 64.78 W, 39
2026/09/11 16:18:42.611, 0, 30182 MiB, 0 %, 15.89 W, 39
2026/09/11 16:18:42.611, 1, 18814 MiB, 100 %, 65.09 W, 39
2026/09/11 16:18:44.611, 0, 30182 MiB, 0 %, 15.99 W, 39
2026/09/11 16:18:44.611, 1, 18814 MiB, 100 %, 65.33 W, 39
2026/09/11 16:18:46.611, 0, 30182 MiB, 0 %, 16.09 W, 39
2026/09/11 16:18:46.611, 1, 18814 MiB, 100 %, 64.40 W, 39
2026/09/11 16:18:48.612, 0, 30182 MiB, 0 %, 15.79 W, 39
2026/09/11 16:18:48.612, 1, 18814 MiB, 100 %, 64.76 W, 39
2026/09/11 16:18:50.612, 0, 30182 MiB, 0 %, 16.31 W, 39
2026/09/11 16:18:50.612, 1, 18814 MiB, 100 %, 64.28 W, 39
2026/09/11 16:18:52.612, 0, 30182 MiB, 0 %, 15.99 W, 39
2026/09/11 16:18:52.612, 1, 18814 MiB, 100 %, 64.65 W, 39
2026/09/11 16:18:54.612, 0, 30182 MiB, 0 %, 15.56 W, 39
2026/09/11 16:18:54.612, 1, 18814 MiB, 100 %, 64.24 W, 39
2026/09/11 16:18:56.613, 0, 30182 MiB, 0 %, 15.74 W, 39
2026/09/11 16:18:56.613, 1, 18814 MiB, 100 %, 64.46 W, 39
2026/09/11 16:18:58.613, 0, 30182 MiB, 0 %, 15.59 W, 39
2026/09/11 16:18:58.613, 1, 18814 MiB, 100 %, 64.56 W, 39
2026/09/11 16:19:00.613, 0, 30182 MiB, 0 %, 15.88 W, 39
2026/09/11 16:19:00.613, 1, 18814 MiB, 100 %, 64.36 W, 39
2026/09/11 16:19:02.613, 0, 30182 MiB, 0 %, 15.42 W, 39
2026/09/11 16:19:02.613, 1, 18814 MiB, 100 %, 64.96 W, 39
2026/09/11 16:19:04.613, 0, 30182 MiB, 0 %, 15.77 W, 39
2026/09/11 16:19:04.613, 1, 18814 MiB, 100 %, 65.10 W, 39
2026/09/11 16:19:06.614, 0, 30182 MiB, 0 %, 15.83 W, 39
2026/09/11 16:19:06.614, 1, 18814 MiB, 100 %, 65.07 W, 39
2026/09/11 16:19:08.614, 0, 30182 MiB, 0 %, 16.25 W, 39
2026/09/11 16:19:08.614, 1, 18814 MiB, 100 %, 65.03 W, 39
2026/09/11 16:19:10.614, 0, 30182 MiB, 0 %, 15.76 W, 39
2026/09/11 16:19:10.614, 1, 18814 MiB, 100 %, 64.69 W, 39
2026/09/11 16:19:12.614, 0, 30182 MiB, 0 %, 16.11 W, 39
2026/09/11 16:19:12.614, 1, 18814 MiB, 100 %, 64.64 W, 39
2026/09/11 16:19:14.615, 0, 30182 MiB, 0 %, 16.11 W, 39
2026/09/11 16:19:14.615, 1, 18814 MiB, 100 %, 64.57 W, 39
2026/09/11 16:19:16.615, 0, 30182 MiB, 0 %, 15.73 W, 39
2026/09/11 16:19:16.615, 1, 18814 MiB, 100 %, 64.54 W, 39
2026/09/11 16:19:18.615, 0, 30182 MiB, 0 %, 16.06 W, 39
2026/09/11 16:19:18.615, 1, 18814 MiB, 100 %, 64.35 W, 39
2026/09/11 16:19:20.615, 0, 30182 MiB, 0 %, 15.91 W, 39
2026/09/11 16:19:20.615, 1, 18814 MiB, 100 %, 64.40 W, 39
2026/09/11 16:19:22.615, 0, 30182 MiB, 0 %, 15.90 W, 39
2026/09/11 16:19:22.615, 1, 18814 MiB, 100 %, 65.06 W, 39
2026/09/11 16:19:24.616, 0, 30182 MiB, 0 %, 16.01 W, 39
2026/09/11 16:19:24.616, 1, 18814 MiB, 100 %, 64.79 W, 39
2026/09/11 16:19:26.616, 0, 30182 MiB, 0 %, 16.38 W, 39
2026/09/11 16:19:26.616, 1, 18814 MiB, 100 %, 64.72 W, 39
2026/09/11 16:19:28.616, 0, 30182 MiB, 0 %, 16.31 W, 39
2026/09/11 16:19:28.616, 1, 18814 MiB, 100 %, 64.81 W, 39
2026/09/11 16:19:30.616, 0, 30182 MiB, 0 %, 16.33 W, 39
2026/09/11 16:19:30.616, 1, 18814 MiB, 100 %, 64.65 W, 39
2026/09/11 16:19:32.617, 0, 30182 MiB, 0 %, 16.01 W, 40
2026/09/11 16:19:32.617, 1, 18814 MiB, 100 %, 64.49 W, 39
2026/09/11 16:19:34.617, 0, 30182 MiB, 0 %, 15.96 W, 39
2026/09/11 16:19:34.617, 1, 18814 MiB, 100 %, 63.94 W, 39
2026/09/11 16:19:36.617, 0, 30182 MiB, 0 %, 16.15 W, 39
2026/09/11 16:19:36.617, 1, 18814 MiB, 100 %, 64.39 W, 39
2026/09/11 16:19:38.617, 0, 30182 MiB, 0 %, 16.07 W, 39
2026/09/11 16:19:38.617, 1, 18814 MiB, 100 %, 64.35 W, 39
2026/09/11 16:19:40.617, 0, 30182 MiB, 0 %, 15.62 W, 40
2026/09/11 16:19:40.618, 1, 18814 MiB, 100 %, 64.09 W, 39
2026/09/11 16:19:42.618, 0, 30182 MiB, 0 %, 15.89 W, 39
2026/09/11 16:19:42.618, 1, 18814 MiB, 100 %, 64.22 W, 39
2026/09/11 16:19:44.618, 0, 30182 MiB, 0 %, 16.13 W, 39
2026/09/11 16:19:44.618, 1, 18814 MiB, 100 %, 64.26 W, 39
2026/09/11 16:19:46.618, 0, 30182 MiB, 0 %, 16.58 W, 40
2026/09/11 16:19:46.618, 1, 18814 MiB, 100 %, 64.32 W, 39
2026/09/11 16:19:48.618, 0, 30182 MiB, 0 %, 16.34 W, 40
2026/09/11 16:19:48.618, 1, 18814 MiB, 100 %, 64.46 W, 39
2026/09/11 16:19:50.619, 0, 30182 MiB, 0 %, 16.60 W, 40
2026/09/11 16:19:50.619, 1, 18814 MiB, 100 %, 64.32 W, 39
2026/09/11 16:19:52.619, 0, 30182 MiB, 0 %, 16.11 W, 40
2026/09/11 16:19:52.619, 1, 18814 MiB, 100 %, 64.24 W, 39
2026/09/11 16:19:54.619, 0, 30182 MiB, 0 %, 16.09 W, 40
2026/09/11 16:19:54.619, 1, 18814 MiB, 100 %, 64.82 W, 39
2026/09/11 16:19:56.619, 0, 30182 MiB, 0 %, 15.95 W, 40
2026/09/11 16:19:56.619, 1, 18814 MiB, 100 %, 64.27 W, 39
2026/09/11 16:19:58.619, 0, 30182 MiB, 0 %, 15.62 W, 40
2026/09/11 16:19:58.620, 1, 18814 MiB, 100 %, 64.16 W, 39
2026/09/11 16:20:00.620, 0, 30182 MiB, 0 %, 15.61 W, 40
2026/09/11 16:20:00.620, 1, 18814 MiB, 100 %, 64.17 W, 39
2026/09/11 16:20:02.620, 0, 30182 MiB, 0 %, 15.66 W, 40
2026/09/11 16:20:02.620, 1, 18814 MiB, 100 %, 64.15 W, 39
2026/09/11 16:20:04.620, 0, 30182 MiB, 0 %, 16.08 W, 40
2026/09/11 16:20:04.620, 1, 18814 MiB, 100 %, 64.25 W, 39
2026/09/11 16:20:06.620, 0, 30182 MiB, 0 %, 16.13 W, 40
2026/09/11 16:20:06.620, 1, 18814 MiB, 100 %, 64.49 W, 39
2026/09/11 16:20:08.621, 0, 30182 MiB, 0 %, 16.20 W, 40
2026/09/11 16:20:08.621, 1, 18814 MiB, 100 %, 64.46 W, 39
2026/09/11 16:20:10.621, 0, 30182 MiB, 0 %, 16.09 W, 40
2026/09/11 16:20:10.621, 1, 18814 MiB, 100 %, 64.60 W, 39
2026/09/11 16:20:12.621, 0, 30182 MiB, 0 %, 16.02 W, 40
2026/09/11 16:20:12.621, 1, 18814 MiB, 100 %, 64.03 W, 39
2026/09/11 16:20:14.621, 0, 30182 MiB, 0 %, 15.82 W, 40
2026/09/11 16:20:14.621, 1, 18814 MiB, 100 %, 64.05 W, 39
2026/09/11 16:20:16.621, 0, 30182 MiB, 0 %, 16.06 W, 40
2026/09/11 16:20:16.621, 1, 18814 MiB, 100 %, 64.43 W, 39
2026/09/11 16:20:18.622, 0, 30182 MiB, 0 %, 16.27 W, 40
2026/09/11 16:20:18.622, 1, 18814 MiB, 100 %, 64.58 W, 39
2026/09/11 16:20:20.622, 0, 30182 MiB, 0 %, 16.09 W, 40
2026/09/11 16:20:20.622, 1, 18814 MiB, 100 %, 64.54 W, 39
2026/09/11 16:20:22.622, 0, 30182 MiB, 0 %, 15.88 W, 40
2026/09/11 16:20:22.622, 1, 18814 MiB, 100 %, 64.81 W, 39
2026/09/11 16:20:24.622, 0, 30182 MiB, 0 %, 15.76 W, 40
2026/09/11 16:20:24.622, 1, 18814 MiB, 100 %, 64.38 W, 39
2026/09/11 16:20:26.622, 0, 30182 MiB, 0 %, 15.61 W, 40
2026/09/11 16:20:26.623, 1, 18814 MiB, 100 %, 63.96 W, 39
2026/09/11 16:20:28.623, 0, 30182 MiB, 0 %, 15.85 W, 40
2026/09/11 16:20:28.623, 1, 18814 MiB, 100 %, 64.33 W, 39
2026/09/11 16:20:30.623, 0, 30182 MiB, 0 %, 15.72 W, 40
2026/09/11 16:20:30.623, 1, 18814 MiB, 100 %, 63.89 W, 39
2026/09/11 16:20:32.623, 0, 30182 MiB, 0 %, 15.45 W, 40
2026/09/11 16:20:32.623, 1, 18814 MiB, 100 %, 63.86 W, 39
2026/09/11 16:20:34.623, 0, 30182 MiB, 0 %, 15.56 W, 40
2026/09/11 16:20:34.623, 1, 18814 MiB, 100 %, 63.99 W, 39
2026/09/11 16:20:36.624, 0, 30182 MiB, 0 %, 15.90 W, 40
2026/09/11 16:20:36.624, 1, 18814 MiB, 100 %, 64.40 W, 39
2026/09/11 16:20:38.624, 0, 30182 MiB, 0 %, 15.98 W, 40
2026/09/11 16:20:38.624, 1, 18814 MiB, 100 %, 64.24 W, 39
2026/09/11 16:20:40.624, 0, 30182 MiB, 0 %, 16.09 W, 40
2026/09/11 16:20:40.624, 1, 18814 MiB, 100 %, 64.02 W, 39
2026/09/11 16:20:42.624, 0, 30182 MiB, 0 %, 15.89 W, 40
2026/09/11 16:20:42.624, 1, 18814 MiB, 100 %, 63.78 W, 39
2026/09/11 16:20:44.624, 0, 30182 MiB, 0 %, 16.09 W, 40
2026/09/11 16:20:44.625, 1, 18814 MiB, 100 %, 64.15 W, 39
2026/09/11 16:20:46.625, 0, 30182 MiB, 0 %, 16.07 W, 40
2026/09/11 16:20:46.625, 1, 18814 MiB, 100 %, 64.02 W, 39
2026/09/11 16:20:48.625, 0, 30182 MiB, 0 %, 16.23 W, 40
2026/09/11 16:20:48.625, 1, 18814 MiB, 100 %, 64.37 W, 39
2026/09/11 16:20:50.625, 0, 30182 MiB, 0 %, 15.74 W, 40
2026/09/11 16:20:50.625, 1, 18814 MiB, 100 %, 64.05 W, 39
2026/09/11 16:20:52.625, 0, 30182 MiB, 0 %, 15.86 W, 40
2026/09/11 16:20:52.625, 1, 18814 MiB, 100 %, 64.40 W, 39
2026/09/11 16:20:54.626, 0, 30182 MiB, 0 %, 15.55 W, 40
2026/09/11 16:20:54.626, 1, 18814 MiB, 98 %, 64.53 W, 39
2026/09/11 16:20:56.626, 0, 30182 MiB, 0 %, 15.64 W, 40
2026/09/11 16:20:56.626, 1, 18814 MiB, 100 %, 63.83 W, 39
2026/09/11 16:20:58.626, 0, 30182 MiB, 0 %, 15.60 W, 40
2026/09/11 16:20:58.626, 1, 18814 MiB, 100 %, 63.78 W, 39
2026/09/11 16:21:00.626, 0, 30182 MiB, 0 %, 15.66 W, 40
2026/09/11 16:21:00.626, 1, 18814 MiB, 100 %, 63.90 W, 39
2026/09/11 16:21:02.626, 0, 30182 MiB, 0 %, 15.33 W, 40
2026/09/11 16:21:02.627, 1, 18814 MiB, 100 %, 63.94 W, 39
2026/09/11 16:21:04.627, 0, 30182 MiB, 0 %, 15.15 W, 40
2026/09/11 16:21:04.627, 1, 18814 MiB, 100 %, 64.07 W, 39
2026/09/11 16:21:06.627, 0, 30182 MiB, 0 %, 15.47 W, 40
2026/09/11 16:21:06.627, 1, 18814 MiB, 100 %, 63.84 W, 39
2026/09/11 16:21:08.627, 0, 30182 MiB, 0 %, 15.95 W, 40
2026/09/11 16:21:08.627, 1, 18814 MiB, 100 %, 63.98 W, 39
2026/09/11 16:21:10.627, 0, 30182 MiB, 0 %, 15.93 W, 40
2026/09/11 16:21:10.627, 1, 18814 MiB, 100 %, 64.11 W, 39
2026/09/11 16:21:12.628, 0, 30182 MiB, 0 %, 15.63 W, 40
2026/09/11 16:21:12.628, 1, 18814 MiB, 100 %, 64.31 W, 39
2026/09/11 16:21:14.628, 0, 30182 MiB, 0 %, 16.03 W, 40
2026/09/11 16:21:14.628, 1, 18814 MiB, 100 %, 64.22 W, 39
2026/09/11 16:21:16.628, 0, 30182 MiB, 0 %, 16.03 W, 40
2026/09/11 16:21:16.628, 1, 18814 MiB, 100 %, 64.47 W, 39
2026/09/11 16:21:18.628, 0, 30182 MiB, 0 %, 16.09 W, 40
2026/09/11 16:21:18.628, 1, 18814 MiB, 100 %, 64.45 W, 39
2026/09/11 16:21:20.628, 0, 30182 MiB, 0 %, 16.04 W, 40
2026/09/11 16:21:20.628, 1, 18814 MiB, 100 %, 64.37 W, 39
2026/09/11 16:21:22.629, 0, 30182 MiB, 0 %, 16.08 W, 40
2026/09/11 16:21:22.629, 1, 18814 MiB, 100 %, 64.10 W, 39
2026/09/11 16:21:24.629, 0, 30182 MiB, 0 %, 15.90 W, 40
2026/09/11 16:21:24.629, 1, 18814 MiB, 100 %, 64.40 W, 39
2026/09/11 16:21:26.629, 0, 30182 MiB, 0 %, 15.95 W, 40
2026/09/11 16:21:26.629, 1, 18814 MiB, 100 %, 64.32 W, 39
2026/09/11 16:21:28.629, 0, 30182 MiB, 0 %, 16.32 W, 40
2026/09/11 16:21:28.629, 1, 18814 MiB, 100 %, 64.44 W, 39
2026/09/11 16:21:30.629, 0, 30182 MiB, 0 %, 16.24 W, 40
2026/09/11 16:21:30.630, 1, 18814 MiB, 100 %, 64.46 W, 39
2026/09/11 16:21:32.630, 0, 30182 MiB, 0 %, 16.16 W, 40
2026/09/11 16:21:32.630, 1, 18814 MiB, 100 %, 64.61 W, 39
2026/09/11 16:21:34.630, 0, 30182 MiB, 0 %, 16.04 W, 40
2026/09/11 16:21:34.630, 1, 18814 MiB, 100 %, 64.66 W, 39
2026/09/11 16:21:36.630, 0, 30182 MiB, 0 %, 15.60 W, 40
2026/09/11 16:21:36.630, 1, 18814 MiB, 100 %, 64.79 W, 39
2026/09/11 16:21:38.630, 0, 30182 MiB, 0 %, 15.84 W, 40
2026/09/11 16:21:38.630, 1, 18814 MiB, 100 %, 64.50 W, 39
2026/09/11 16:21:40.631, 0, 30182 MiB, 0 %, 15.96 W, 40
2026/09/11 16:21:40.631, 1, 18814 MiB, 100 %, 64.57 W, 39
2026/09/11 16:21:42.631, 0, 30182 MiB, 0 %, 16.13 W, 40
2026/09/11 16:21:42.631, 1, 18814 MiB, 100 %, 64.73 W, 39
2026/09/11 16:21:44.631, 0, 30182 MiB, 0 %, 16.17 W, 40
2026/09/11 16:21:44.631, 1, 18814 MiB, 100 %, 65.17 W, 39
2026/09/11 16:21:46.631, 0, 30182 MiB, 0 %, 16.02 W, 40
2026/09/11 16:21:46.631, 1, 18814 MiB, 100 %, 64.67 W, 39
2026/09/11 16:21:48.631, 0, 30182 MiB, 0 %, 15.48 W, 40
2026/09/11 16:21:48.631, 1, 18814 MiB, 100 %, 64.50 W, 39
2026/09/11 16:21:50.632, 0, 30182 MiB, 0 %, 15.79 W, 40
2026/09/11 16:21:50.632, 1, 18814 MiB, 100 %, 64.51 W, 39
2026/09/11 16:21:52.632, 0, 30182 MiB, 0 %, 15.62 W, 40
2026/09/11 16:21:52.632, 1, 18814 MiB, 100 %, 64.46 W, 39
2026/09/11 16:21:54.632, 0, 30182 MiB, 0 %, 16.12 W, 40
2026/09/11 16:21:54.632, 1, 18814 MiB, 100 %, 64.86 W, 39
2026/09/11 16:21:56.632, 0, 30182 MiB, 0 %, 15.86 W, 40
2026/09/11 16:21:56.632, 1, 18814 MiB, 100 %, 64.76 W, 39
2026/09/11 16:21:58.632, 0, 30182 MiB, 0 %, 16.08 W, 40
2026/09/11 16:21:58.632, 1, 508 MiB, 0 %, 61.71 W, 39
2026/09/11 16:22:00.633, 0, 30182 MiB, 0 %, 15.94 W, 40
2026/09/11 16:22:00.633, 1, 508 MiB, 0 %, 52.57 W, 38
2026/09/11 16:22:02.633, 0, 30182 MiB, 0 %, 15.76 W, 40
2026/09/11 16:22:02.633, 1, 508 MiB, 0 %, 52.52 W, 38
2026/09/11 16:22:04.633, 0, 30182 MiB, 0 %, 15.86 W, 40
2026/09/11 16:22:04.633, 1, 508 MiB, 0 %, 52.74 W, 38
2026/09/11 16:22:06.633, 0, 30182 MiB, 0 %, 15.38 W, 40
2026/09/11 16:22:06.633, 1, 508 MiB, 0 %, 53.17 W, 38
2026/09/11 16:22:08.633, 0, 30182 MiB, 0 %, 15.97 W, 40
2026/09/11 16:22:08.634, 1, 508 MiB, 0 %, 52.65 W, 38
2026/09/11 16:22:10.634, 0, 30182 MiB, 0 %, 16.03 W, 40
2026/09/11 16:22:10.634, 1, 508 MiB, 0 %, 52.76 W, 38
2026/09/11 16:22:12.634, 0, 30182 MiB, 0 %, 15.72 W, 40
2026/09/11 16:22:12.634, 1, 508 MiB, 0 %, 52.82 W, 38
2026/09/11 16:22:14.634, 0, 30182 MiB, 0 %, 15.73 W, 40
2026/09/11 16:22:14.634, 1, 508 MiB, 0 %, 52.64 W, 38
2026/09/11 16:22:16.634, 0, 30182 MiB, 0 %, 15.65 W, 40
2026/09/11 16:22:16.634, 1, 508 MiB, 0 %, 22.96 W, 37
2026/09/11 16:22:18.635, 0, 30182 MiB, 0 %, 15.66 W, 40
2026/09/11 16:22:18.635, 1, 508 MiB, 0 %, 13.18 W, 37
2026/09/11 16:22:20.635, 0, 30182 MiB, 0 %, 15.65 W, 40
2026/09/11 16:22:20.635, 1, 508 MiB, 0 %, 12.55 W, 37
2026/09/11 16:22:22.635, 0, 30182 MiB, 0 %, 15.41 W, 40
2026/09/11 16:22:22.635, 1, 508 MiB, 0 %, 12.51 W, 37
2026/09/11 16:22:24.635, 0, 30182 MiB, 0 %, 15.65 W, 40
2026/09/11 16:22:24.635, 1, 18812 MiB, 0 %, 12.33 W, 37
2026/09/11 16:22:26.636, 0, 30182 MiB, 0 %, 15.40 W, 40
2026/09/11 16:22:26.636, 1, 18814 MiB, 100 %, 62.33 W, 38
2026/09/11 16:22:28.636, 0, 30182 MiB, 0 %, 15.47 W, 40
2026/09/11 16:22:28.636, 1, 18814 MiB, 100 %, 63.56 W, 38
2026/09/11 16:22:30.636, 0, 30182 MiB, 0 %, 15.47 W, 40
2026/09/11 16:22:30.637, 1, 18814 MiB, 100 %, 63.87 W, 39
2026/09/11 16:22:32.637, 0, 30182 MiB, 0 %, 15.48 W, 40
2026/09/11 16:22:32.637, 1, 18814 MiB, 100 %, 63.95 W, 39
2026/09/11 16:22:34.637, 0, 30182 MiB, 0 %, 15.44 W, 40
2026/09/11 16:22:34.637, 1, 18814 MiB, 100 %, 63.60 W, 39
2026/09/11 16:22:36.637, 0, 30182 MiB, 0 %, 15.49 W, 40
2026/09/11 16:22:36.637, 1, 18814 MiB, 100 %, 63.76 W, 39
2026/09/11 16:22:38.637, 0, 30182 MiB, 0 %, 15.38 W, 40
2026/09/11 16:22:38.637, 1, 18814 MiB, 100 %, 63.76 W, 39
2026/09/11 16:22:40.638, 0, 30182 MiB, 0 %, 15.50 W, 40
2026/09/11 16:22:40.638, 1, 18814 MiB, 100 %, 63.89 W, 39
2026/09/11 16:22:42.638, 0, 30182 MiB, 0 %, 15.82 W, 40
2026/09/11 16:22:42.638, 1, 18814 MiB, 100 %, 64.16 W, 40
2026/09/11 16:22:44.638, 0, 30182 MiB, 0 %, 15.58 W, 40
2026/09/11 16:22:44.638, 1, 18814 MiB, 100 %, 64.17 W, 40
2026/09/11 16:22:46.638, 0, 30182 MiB, 0 %, 15.83 W, 40
2026/09/11 16:22:46.638, 1, 18814 MiB, 100 %, 64.39 W, 40
2026/09/11 16:22:48.638, 0, 30182 MiB, 0 %, 15.55 W, 40
2026/09/11 16:22:48.638, 1, 18814 MiB, 100 %, 64.95 W, 40
2026/09/11 16:22:50.639, 0, 30182 MiB, 0 %, 15.82 W, 40
2026/09/11 16:22:50.639, 1, 18814 MiB, 100 %, 64.70 W, 40
2026/09/11 16:22:52.639, 0, 30182 MiB, 0 %, 15.91 W, 40
2026/09/11 16:22:52.639, 1, 18814 MiB, 100 %, 64.71 W, 40
2026/09/11 16:22:54.639, 0, 30182 MiB, 0 %, 15.98 W, 40
2026/09/11 16:22:54.639, 1, 18814 MiB, 100 %, 64.57 W, 41
2026/09/11 16:22:56.639, 0, 30182 MiB, 0 %, 15.97 W, 40
2026/09/11 16:22:56.639, 1, 18814 MiB, 100 %, 64.59 W, 41
2026/09/11 16:22:58.640, 0, 30182 MiB, 0 %, 15.75 W, 40
2026/09/11 16:22:58.640, 1, 18814 MiB, 100 %, 64.53 W, 41
2026/09/11 16:23:00.640, 0, 30182 MiB, 0 %, 15.88 W, 40
2026/09/11 16:23:00.640, 1, 18814 MiB, 100 %, 64.79 W, 41
2026/09/11 16:23:02.640, 0, 30182 MiB, 0 %, 15.86 W, 40
2026/09/11 16:23:02.641, 1, 18814 MiB, 100 %, 65.18 W, 41
2026/09/11 16:23:04.641, 0, 30182 MiB, 0 %, 15.73 W, 40
2026/09/11 16:23:04.641, 1, 18814 MiB, 100 %, 64.90 W, 41
2026/09/11 16:23:06.641, 0, 30182 MiB, 0 %, 15.87 W, 40
2026/09/11 16:23:06.641, 1, 18814 MiB, 100 %, 65.49 W, 42
2026/09/11 16:23:08.641, 0, 30182 MiB, 0 %, 15.73 W, 40
2026/09/11 16:23:08.641, 1, 18814 MiB, 100 %, 65.80 W, 42
2026/09/11 16:23:10.641, 0, 30182 MiB, 0 %, 15.51 W, 40
2026/09/11 16:23:10.641, 1, 18814 MiB, 100 %, 65.61 W, 42
2026/09/11 16:23:12.641, 0, 30182 MiB, 0 %, 15.26 W, 40
2026/09/11 16:23:12.642, 1, 18814 MiB, 100 %, 65.79 W, 42
2026/09/11 16:23:14.642, 0, 30182 MiB, 0 %, 15.85 W, 40
2026/09/11 16:23:14.642, 1, 18814 MiB, 100 %, 66.00 W, 42
2026/09/11 16:23:16.642, 0, 30182 MiB, 0 %, 16.02 W, 40
2026/09/11 16:23:16.642, 1, 18814 MiB, 100 %, 66.00 W, 42
2026/09/11 16:23:18.642, 0, 30182 MiB, 0 %, 15.58 W, 40
2026/09/11 16:23:18.642, 1, 18814 MiB, 100 %, 66.27 W, 42
2026/09/11 16:23:20.642, 0, 30182 MiB, 0 %, 15.50 W, 40
2026/09/11 16:23:20.643, 1, 18814 MiB, 100 %, 66.22 W, 43
2026/09/11 16:23:22.643, 0, 30182 MiB, 0 %, 15.62 W, 40
2026/09/11 16:23:22.643, 1, 18814 MiB, 100 %, 66.51 W, 43
2026/09/11 16:23:24.643, 0, 30182 MiB, 0 %, 15.84 W, 40
2026/09/11 16:23:24.643, 1, 18814 MiB, 100 %, 66.84 W, 43
2026/09/11 16:23:26.644, 0, 30182 MiB, 0 %, 16.19 W, 40
2026/09/11 16:23:26.644, 1, 18814 MiB, 100 %, 66.97 W, 43
2026/09/11 16:23:28.644, 0, 30182 MiB, 0 %, 16.23 W, 40
2026/09/11 16:23:28.644, 1, 18814 MiB, 100 %, 67.31 W, 43
2026/09/11 16:23:30.644, 0, 30182 MiB, 0 %, 15.72 W, 40
2026/09/11 16:23:30.644, 1, 18814 MiB, 100 %, 66.96 W, 43
2026/09/11 16:23:32.644, 0, 30182 MiB, 0 %, 15.62 W, 40
2026/09/11 16:23:32.644, 1, 18814 MiB, 100 %, 66.96 W, 43
2026/09/11 16:23:34.644, 0, 30182 MiB, 0 %, 16.11 W, 40
2026/09/11 16:23:34.645, 1, 18814 MiB, 100 %, 66.72 W, 43
2026/09/11 16:23:36.645, 0, 30182 MiB, 0 %, 16.10 W, 40
2026/09/11 16:23:36.645, 1, 18814 MiB, 100 %, 67.45 W, 44
2026/09/11 16:23:38.645, 0, 30182 MiB, 0 %, 15.97 W, 40
2026/09/11 16:23:38.645, 1, 18814 MiB, 100 %, 67.39 W, 44
2026/09/11 16:23:40.645, 0, 30182 MiB, 0 %, 15.47 W, 40
2026/09/11 16:23:40.645, 1, 18814 MiB, 100 %, 67.83 W, 44
2026/09/11 16:23:42.645, 0, 30182 MiB, 0 %, 15.35 W, 40
2026/09/11 16:23:42.646, 1, 18814 MiB, 100 %, 67.97 W, 44
2026/09/11 16:23:44.646, 0, 30182 MiB, 0 %, 15.81 W, 40
2026/09/11 16:23:44.646, 1, 18814 MiB, 100 %, 68.09 W, 44
2026/09/11 16:23:46.646, 0, 30182 MiB, 0 %, 15.69 W, 40
2026/09/11 16:23:46.646, 1, 18814 MiB, 100 %, 68.23 W, 44
2026/09/11 16:23:48.646, 0, 30182 MiB, 0 %, 15.79 W, 40
2026/09/11 16:23:48.646, 1, 18814 MiB, 100 %, 68.16 W, 44
2026/09/11 16:23:50.646, 0, 30182 MiB, 0 %, 15.75 W, 40
2026/09/11 16:23:50.646, 1, 18814 MiB, 100 %, 68.47 W, 45
2026/09/11 16:23:52.646, 0, 30182 MiB, 0 %, 15.60 W, 40
2026/09/11 16:23:52.647, 1, 18814 MiB, 100 %, 68.99 W, 45
2026/09/11 16:23:54.647, 0, 30182 MiB, 0 %, 15.66 W, 40
2026/09/11 16:23:54.647, 1, 18814 MiB, 100 %, 69.34 W, 45
2026/09/11 16:23:56.647, 0, 30182 MiB, 0 %, 15.54 W, 41
2026/09/11 16:23:56.647, 1, 18814 MiB, 100 %, 69.57 W, 45
2026/09/11 16:23:58.647, 0, 30182 MiB, 0 %, 15.86 W, 40
2026/09/11 16:23:58.647, 1, 18814 MiB, 100 %, 69.23 W, 45
2026/09/11 16:24:00.647, 0, 30182 MiB, 0 %, 15.99 W, 40
2026/09/11 16:24:00.647, 1, 18814 MiB, 100 %, 68.94 W, 45
2026/09/11 16:24:02.648, 0, 30182 MiB, 0 %, 16.06 W, 41
2026/09/11 16:24:02.648, 1, 18814 MiB, 100 %, 69.42 W, 45
2026/09/11 16:24:04.648, 0, 30182 MiB, 0 %, 16.17 W, 41
2026/09/11 16:24:04.648, 1, 18814 MiB, 100 %, 69.92 W, 45
2026/09/11 16:24:06.648, 0, 30182 MiB, 0 %, 16.33 W, 41
2026/09/11 16:24:06.648, 1, 18814 MiB, 100 %, 69.58 W, 46
2026/09/11 16:24:08.648, 0, 30182 MiB, 0 %, 16.37 W, 41
2026/09/11 16:24:08.648, 1, 18814 MiB, 100 %, 69.79 W, 46
2026/09/11 16:24:10.648, 0, 30182 MiB, 0 %, 16.51 W, 41
2026/09/11 16:24:10.648, 1, 18814 MiB, 100 %, 70.25 W, 46
2026/09/11 16:24:12.650, 0, 30182 MiB, 0 %, 16.25 W, 41
2026/09/11 16:24:12.650, 1, 18814 MiB, 100 %, 70.29 W, 46
2026/09/11 16:24:14.651, 0, 30182 MiB, 0 %, 16.20 W, 41
2026/09/11 16:24:14.651, 1, 18814 MiB, 100 %, 70.50 W, 46
2026/09/11 16:24:16.651, 0, 30182 MiB, 0 %, 16.30 W, 41
2026/09/11 16:24:16.651, 1, 18814 MiB, 100 %, 70.21 W, 46
2026/09/11 16:24:18.651, 0, 30182 MiB, 0 %, 16.62 W, 41
2026/09/11 16:24:18.651, 1, 18814 MiB, 100 %, 70.12 W, 46
2026/09/11 16:24:20.651, 0, 30182 MiB, 0 %, 16.06 W, 41
2026/09/11 16:24:20.651, 1, 18814 MiB, 100 %, 70.81 W, 46
2026/09/11 16:24:22.652, 0, 30182 MiB, 0 %, 16.19 W, 41
2026/09/11 16:24:22.652, 1, 18814 MiB, 100 %, 70.86 W, 47
2026/09/11 16:24:24.652, 0, 30182 MiB, 0 %, 16.25 W, 41
2026/09/11 16:24:24.652, 1, 18814 MiB, 100 %, 70.86 W, 47
2026/09/11 16:24:26.652, 0, 30182 MiB, 0 %, 15.84 W, 41
2026/09/11 16:24:26.652, 1, 18814 MiB, 100 %, 70.66 W, 47
2026/09/11 16:24:28.652, 0, 30182 MiB, 0 %, 15.80 W, 41
2026/09/11 16:24:28.652, 1, 18814 MiB, 100 %, 70.84 W, 47
2026/09/11 16:24:30.652, 0, 30182 MiB, 0 %, 15.89 W, 41
2026/09/11 16:24:30.653, 1, 18814 MiB, 100 %, 70.41 W, 47
2026/09/11 16:24:32.653, 0, 30182 MiB, 0 %, 15.63 W, 41
2026/09/11 16:24:32.653, 1, 18814 MiB, 100 %, 70.56 W, 47
2026/09/11 16:24:34.653, 0, 30182 MiB, 0 %, 15.86 W, 41
2026/09/11 16:24:34.653, 1, 18814 MiB, 100 %, 70.92 W, 47
2026/09/11 16:24:36.653, 0, 30182 MiB, 0 %, 15.84 W, 41
2026/09/11 16:24:36.653, 1, 18814 MiB, 100 %, 70.83 W, 47
2026/09/11 16:24:38.653, 0, 30182 MiB, 0 %, 15.69 W, 41
2026/09/11 16:24:38.653, 1, 18814 MiB, 100 %, 71.19 W, 48
2026/09/11 16:24:40.654, 0, 30182 MiB, 0 %, 15.81 W, 41
2026/09/11 16:24:40.654, 1, 18814 MiB, 100 %, 71.59 W, 48
2026/09/11 16:24:42.654, 0, 30182 MiB, 0 %, 15.73 W, 41
2026/09/11 16:24:42.654, 1, 18814 MiB, 100 %, 71.26 W, 48
2026/09/11 16:24:44.654, 0, 30182 MiB, 0 %, 15.89 W, 41
2026/09/11 16:24:44.654, 1, 18814 MiB, 100 %, 71.43 W, 48
2026/09/11 16:24:46.654, 0, 30182 MiB, 0 %, 15.56 W, 41
2026/09/11 16:24:46.654, 1, 18814 MiB, 100 %, 71.92 W, 48
2026/09/11 16:24:48.654, 0, 30182 MiB, 0 %, 16.00 W, 41
2026/09/11 16:24:48.655, 1, 18814 MiB, 100 %, 71.54 W, 48
2026/09/11 16:24:50.655, 0, 30182 MiB, 0 %, 15.54 W, 41
2026/09/11 16:24:50.655, 1, 18814 MiB, 100 %, 72.18 W, 48
2026/09/11 16:24:52.655, 0, 30182 MiB, 0 %, 15.76 W, 41
2026/09/11 16:24:52.655, 1, 18814 MiB, 100 %, 72.16 W, 48
2026/09/11 16:24:54.655, 0, 30182 MiB, 0 %, 16.22 W, 41
2026/09/11 16:24:54.655, 1, 18814 MiB, 100 %, 72.08 W, 49
2026/09/11 16:24:56.655, 0, 30182 MiB, 0 %, 16.24 W, 41
2026/09/11 16:24:56.655, 1, 18814 MiB, 100 %, 72.42 W, 49
2026/09/11 16:24:58.656, 0, 30182 MiB, 0 %, 16.07 W, 41
2026/09/11 16:24:58.656, 1, 18814 MiB, 100 %, 72.56 W, 49
2026/09/11 16:25:00.656, 0, 30182 MiB, 0 %, 16.16 W, 41
2026/09/11 16:25:00.656, 1, 18814 MiB, 100 %, 73.26 W, 49
2026/09/11 16:25:02.656, 0, 30182 MiB, 0 %, 15.84 W, 41
2026/09/11 16:25:02.656, 1, 18814 MiB, 100 %, 72.93 W, 49
2026/09/11 16:25:04.656, 0, 30182 MiB, 0 %, 16.04 W, 41
2026/09/11 16:25:04.656, 1, 18814 MiB, 100 %, 72.90 W, 49
2026/09/11 16:25:06.656, 0, 30182 MiB, 0 %, 15.82 W, 41
2026/09/11 16:25:06.657, 1, 18814 MiB, 100 %, 73.18 W, 49
2026/09/11 16:25:08.657, 0, 30182 MiB, 0 %, 16.16 W, 41
2026/09/11 16:25:08.657, 1, 18814 MiB, 100 %, 73.29 W, 49
2026/09/11 16:25:10.657, 0, 30182 MiB, 0 %, 15.96 W, 41
2026/09/11 16:25:10.657, 1, 18814 MiB, 100 %, 72.95 W, 49
2026/09/11 16:25:12.657, 0, 30182 MiB, 0 %, 15.60 W, 41
2026/09/11 16:25:12.657, 1, 18814 MiB, 100 %, 72.99 W, 50
2026/09/11 16:25:14.657, 0, 30182 MiB, 0 %, 15.65 W, 41
2026/09/11 16:25:14.657, 1, 18814 MiB, 100 %, 72.73 W, 50
2026/09/11 16:25:16.658, 0, 30182 MiB, 0 %, 16.15 W, 41
2026/09/11 16:25:16.658, 1, 18814 MiB, 100 %, 73.28 W, 50
2026/09/11 16:25:18.658, 0, 30182 MiB, 0 %, 16.14 W, 41
2026/09/11 16:25:18.658, 1, 18814 MiB, 100 %, 73.64 W, 50
2026/09/11 16:25:20.658, 0, 30182 MiB, 0 %, 15.85 W, 41
2026/09/11 16:25:20.658, 1, 18814 MiB, 100 %, 73.25 W, 50
2026/09/11 16:25:22.658, 0, 30182 MiB, 0 %, 15.71 W, 41
2026/09/11 16:25:22.658, 1, 18814 MiB, 100 %, 73.67 W, 50
2026/09/11 16:25:24.658, 0, 30182 MiB, 0 %, 15.62 W, 41
2026/09/11 16:25:24.658, 1, 18814 MiB, 100 %, 73.42 W, 50
2026/09/11 16:25:26.659, 0, 30182 MiB, 0 %, 15.95 W, 41
2026/09/11 16:25:26.659, 1, 18814 MiB, 100 %, 73.66 W, 50
2026/09/11 16:25:28.659, 0, 30182 MiB, 0 %, 15.90 W, 41
2026/09/11 16:25:28.659, 1, 18814 MiB, 100 %, 74.09 W, 50
2026/09/11 16:25:30.659, 0, 30182 MiB, 0 %, 15.87 W, 41
2026/09/11 16:25:30.659, 1, 18814 MiB, 100 %, 73.72 W, 51
2026/09/11 16:25:32.659, 0, 30182 MiB, 0 %, 16.18 W, 41
2026/09/11 16:25:32.659, 1, 18814 MiB, 100 %, 74.66 W, 51
2026/09/11 16:25:34.660, 0, 30182 MiB, 0 %, 16.06 W, 41
2026/09/11 16:25:34.660, 1, 18814 MiB, 100 %, 74.72 W, 51
2026/09/11 16:25:36.660, 0, 30182 MiB, 0 %, 15.88 W, 41
2026/09/11 16:25:36.660, 1, 18814 MiB, 100 %, 75.07 W, 51
2026/09/11 16:25:38.660, 0, 30182 MiB, 0 %, 15.85 W, 41
2026/09/11 16:25:38.660, 1, 18814 MiB, 100 %, 75.32 W, 51
2026/09/11 16:25:40.660, 0, 30182 MiB, 0 %, 15.91 W, 41
2026/09/11 16:25:40.660, 1, 18814 MiB, 100 %, 75.62 W, 51
2026/09/11 16:25:42.660, 0, 30182 MiB, 0 %, 15.98 W, 41
2026/09/11 16:25:42.660, 1, 18814 MiB, 100 %, 75.47 W, 51
2026/09/11 16:25:44.661, 0, 30182 MiB, 0 %, 15.78 W, 41
2026/09/11 16:25:44.661, 1, 18814 MiB, 100 %, 75.12 W, 51
2026/09/11 16:25:46.661, 0, 30182 MiB, 0 %, 16.08 W, 41
2026/09/11 16:25:46.661, 1, 18814 MiB, 100 %, 75.49 W, 51
2026/09/11 16:25:48.661, 0, 30182 MiB, 0 %, 16.27 W, 41
2026/09/11 16:25:48.661, 1, 18814 MiB, 100 %, 75.97 W, 52
2026/09/11 16:25:50.661, 0, 30182 MiB, 0 %, 16.07 W, 41
2026/09/11 16:25:50.661, 1, 18814 MiB, 100 %, 75.64 W, 52
2026/09/11 16:25:52.661, 0, 30182 MiB, 0 %, 15.76 W, 41
2026/09/11 16:25:52.662, 1, 18814 MiB, 100 %, 75.91 W, 52
2026/09/11 16:25:54.662, 0, 30182 MiB, 0 %, 15.99 W, 41
2026/09/11 16:25:54.662, 1, 18814 MiB, 100 %, 75.57 W, 52
2026/09/11 16:25:56.662, 0, 30182 MiB, 0 %, 15.86 W, 41
2026/09/11 16:25:56.662, 1, 18814 MiB, 100 %, 75.72 W, 52
2026/09/11 16:25:58.662, 0, 30182 MiB, 0 %, 15.45 W, 41
2026/09/11 16:25:58.662, 1, 18814 MiB, 100 %, 75.54 W, 52
2026/09/11 16:26:00.662, 0, 30182 MiB, 0 %, 15.67 W, 41
2026/09/11 16:26:00.662, 1, 18814 MiB, 100 %, 75.40 W, 52
2026/09/11 16:26:02.663, 0, 30182 MiB, 0 %, 16.03 W, 41
2026/09/11 16:26:02.663, 1, 18814 MiB, 100 %, 75.82 W, 52
2026/09/11 16:26:04.663, 0, 30182 MiB, 0 %, 16.05 W, 41
2026/09/11 16:26:04.663, 1, 18814 MiB, 100 %, 76.15 W, 52
2026/09/11 16:26:06.663, 0, 30182 MiB, 0 %, 16.65 W, 41
2026/09/11 16:26:06.663, 1, 18814 MiB, 100 %, 76.85 W, 52
2026/09/11 16:26:08.663, 0, 30182 MiB, 0 %, 16.48 W, 41
2026/09/11 16:26:08.663, 1, 18814 MiB, 100 %, 77.16 W, 52
2026/09/11 16:26:10.663, 0, 30182 MiB, 0 %, 16.53 W, 41
2026/09/11 16:26:10.663, 1, 18814 MiB, 100 %, 77.15 W, 52
2026/09/11 16:26:12.664, 0, 30182 MiB, 0 %, 16.21 W, 41
2026/09/11 16:26:12.664, 1, 18814 MiB, 100 %, 76.82 W, 52
2026/09/11 16:26:14.664, 0, 30182 MiB, 0 %, 15.90 W, 41
2026/09/11 16:26:14.664, 1, 18814 MiB, 100 %, 76.47 W, 52
2026/09/11 16:26:16.664, 0, 30182 MiB, 0 %, 16.26 W, 41
2026/09/11 16:26:16.664, 1, 18814 MiB, 100 %, 76.56 W, 52
2026/09/11 16:26:18.664, 0, 30182 MiB, 0 %, 16.34 W, 41
2026/09/11 16:26:18.664, 1, 18814 MiB, 100 %, 75.66 W, 51
2026/09/11 16:26:20.664, 0, 30182 MiB, 0 %, 15.94 W, 41
2026/09/11 16:26:20.664, 1, 18814 MiB, 100 %, 75.68 W, 51
2026/09/11 16:26:22.665, 0, 30182 MiB, 0 %, 16.25 W, 41
2026/09/11 16:26:22.665, 1, 18814 MiB, 100 %, 75.37 W, 51
2026/09/11 16:26:24.665, 0, 30182 MiB, 0 %, 16.32 W, 41
2026/09/11 16:26:24.665, 1, 18814 MiB, 100 %, 75.03 W, 50
2026/09/11 16:26:26.665, 0, 30182 MiB, 0 %, 16.06 W, 41
2026/09/11 16:26:26.665, 1, 18814 MiB, 100 %, 74.62 W, 50
2026/09/11 16:26:28.665, 0, 30182 MiB, 0 %, 16.37 W, 41
2026/09/11 16:26:28.665, 1, 18814 MiB, 100 %, 74.51 W, 50
2026/09/11 16:26:30.665, 0, 30182 MiB, 0 %, 16.38 W, 41
2026/09/11 16:26:30.666, 1, 18814 MiB, 100 %, 74.17 W, 50
2026/09/11 16:26:32.666, 0, 30182 MiB, 0 %, 16.50 W, 41
2026/09/11 16:26:32.666, 1, 18814 MiB, 100 %, 74.18 W, 49
2026/09/11 16:26:34.666, 0, 30182 MiB, 0 %, 16.26 W, 41
2026/09/11 16:26:34.666, 1, 18814 MiB, 100 %, 74.49 W, 49
2026/09/11 16:26:36.666, 0, 30182 MiB, 0 %, 16.54 W, 41
2026/09/11 16:26:36.666, 1, 18814 MiB, 100 %, 74.19 W, 49
2026/09/11 16:26:38.666, 0, 30182 MiB, 0 %, 16.48 W, 41
2026/09/11 16:26:38.666, 1, 18814 MiB, 100 %, 73.98 W, 49
2026/09/11 16:26:40.667, 0, 30182 MiB, 0 %, 16.68 W, 41
2026/09/11 16:26:40.667, 1, 18814 MiB, 100 %, 73.47 W, 48
2026/09/11 16:26:42.667, 0, 30182 MiB, 0 %, 16.28 W, 41
2026/09/11 16:26:42.667, 1, 18814 MiB, 100 %, 73.30 W, 48
2026/09/11 16:26:44.667, 0, 30182 MiB, 0 %, 16.19 W, 41
2026/09/11 16:26:44.667, 1, 18814 MiB, 100 %, 73.34 W, 48
2026/09/11 16:26:46.667, 0, 30182 MiB, 0 %, 15.57 W, 41
2026/09/11 16:26:46.667, 1, 18814 MiB, 100 %, 73.44 W, 48
2026/09/11 16:26:48.668, 0, 30182 MiB, 0 %, 15.96 W, 41
2026/09/11 16:26:48.668, 1, 18814 MiB, 100 %, 72.52 W, 48
2026/09/11 16:26:50.668, 0, 30182 MiB, 0 %, 16.32 W, 41
2026/09/11 16:26:50.668, 1, 18814 MiB, 100 %, 72.93 W, 47
2026/09/11 16:26:52.668, 0, 30182 MiB, 0 %, 16.38 W, 42
2026/09/11 16:26:52.668, 1, 18814 MiB, 100 %, 73.08 W, 47
2026/09/11 16:26:54.668, 0, 30182 MiB, 0 %, 16.42 W, 42
2026/09/11 16:26:54.668, 1, 18814 MiB, 100 %, 72.73 W, 47
2026/09/11 16:26:56.668, 0, 30182 MiB, 0 %, 16.33 W, 42
2026/09/11 16:26:56.669, 1, 18814 MiB, 100 %, 72.65 W, 47
2026/09/11 16:26:58.669, 0, 30182 MiB, 0 %, 16.40 W, 42
2026/09/11 16:26:58.669, 1, 18814 MiB, 100 %, 72.60 W, 47
2026/09/11 16:27:00.669, 0, 30182 MiB, 0 %, 15.84 W, 42
2026/09/11 16:27:00.669, 1, 18814 MiB, 100 %, 71.75 W, 46
2026/09/11 16:27:02.669, 0, 30182 MiB, 0 %, 15.76 W, 42
2026/09/11 16:27:02.669, 1, 18814 MiB, 100 %, 71.69 W, 46
2026/09/11 16:27:04.669, 0, 30182 MiB, 0 %, 15.73 W, 42
2026/09/11 16:27:04.669, 1, 18814 MiB, 100 %, 71.67 W, 46
2026/09/11 16:27:06.670, 0, 30182 MiB, 0 %, 15.89 W, 42
2026/09/11 16:27:06.670, 1, 18814 MiB, 100 %, 72.04 W, 46
2026/09/11 16:27:08.670, 0, 30182 MiB, 0 %, 15.99 W, 42
2026/09/11 16:27:08.670, 1, 18814 MiB, 100 %, 71.61 W, 46
2026/09/11 16:27:10.670, 0, 30182 MiB, 0 %, 16.16 W, 42
2026/09/11 16:27:10.670, 1, 18814 MiB, 100 %, 71.48 W, 46
2026/09/11 16:27:12.670, 0, 30182 MiB, 0 %, 16.28 W, 42
2026/09/11 16:27:12.670, 1, 18814 MiB, 100 %, 71.69 W, 46
2026/09/11 16:27:14.670, 0, 30182 MiB, 0 %, 16.18 W, 42
2026/09/11 16:27:14.670, 1, 18814 MiB, 100 %, 71.32 W, 45
2026/09/11 16:27:16.671, 0, 30182 MiB, 0 %, 16.24 W, 42
2026/09/11 16:27:16.671, 1, 18814 MiB, 100 %, 70.96 W, 45
2026/09/11 16:27:18.671, 0, 30182 MiB, 0 %, 16.22 W, 42
2026/09/11 16:27:18.671, 1, 18814 MiB, 100 %, 70.81 W, 45
2026/09/11 16:27:20.671, 0, 30182 MiB, 0 %, 16.21 W, 42
2026/09/11 16:27:20.671, 1, 18814 MiB, 100 %, 70.82 W, 45
2026/09/11 16:27:22.671, 0, 30182 MiB, 0 %, 16.44 W, 42
2026/09/11 16:27:22.671, 1, 18814 MiB, 100 %, 70.67 W, 45
2026/09/11 16:27:24.671, 0, 30182 MiB, 0 %, 16.61 W, 42
2026/09/11 16:27:24.672, 1, 18814 MiB, 100 %, 70.92 W, 45
2026/09/11 16:27:26.672, 0, 30182 MiB, 0 %, 16.47 W, 42
2026/09/11 16:27:26.672, 1, 18814 MiB, 100 %, 70.63 W, 45
2026/09/11 16:27:28.672, 0, 30182 MiB, 0 %, 16.10 W, 42
2026/09/11 16:27:28.672, 1, 18814 MiB, 100 %, 70.96 W, 45
2026/09/11 16:27:30.672, 0, 30182 MiB, 0 %, 15.89 W, 42
2026/09/11 16:27:30.672, 1, 18814 MiB, 100 %, 70.63 W, 45
2026/09/11 16:27:32.672, 0, 30182 MiB, 0 %, 15.85 W, 42
2026/09/11 16:27:32.672, 1, 18814 MiB, 100 %, 70.16 W, 44
2026/09/11 16:27:34.673, 0, 30182 MiB, 0 %, 16.11 W, 42
2026/09/11 16:27:34.673, 1, 18814 MiB, 100 %, 70.03 W, 44
2026/09/11 16:27:36.673, 0, 30182 MiB, 0 %, 16.35 W, 42
2026/09/11 16:27:36.673, 1, 18814 MiB, 100 %, 69.54 W, 44
2026/09/11 16:27:38.673, 0, 30182 MiB, 0 %, 15.88 W, 42
2026/09/11 16:27:38.673, 1, 18814 MiB, 100 %, 69.60 W, 44
2026/09/11 16:27:40.673, 0, 30182 MiB, 0 %, 16.44 W, 42
2026/09/11 16:27:40.673, 1, 18814 MiB, 100 %, 69.71 W, 44
2026/09/11 16:27:42.673, 0, 30182 MiB, 0 %, 16.35 W, 42
2026/09/11 16:27:42.673, 1, 18814 MiB, 100 %, 69.17 W, 44
2026/09/11 16:27:44.674, 0, 30182 MiB, 0 %, 16.39 W, 42
2026/09/11 16:27:44.674, 1, 18814 MiB, 100 %, 69.13 W, 44
2026/09/11 16:27:46.674, 0, 30182 MiB, 0 %, 16.25 W, 42
2026/09/11 16:27:46.674, 1, 18814 MiB, 100 %, 69.02 W, 44
2026/09/11 16:27:48.674, 0, 30182 MiB, 0 %, 16.41 W, 42
2026/09/11 16:27:48.674, 1, 18814 MiB, 100 %, 68.86 W, 44
2026/09/11 16:27:50.674, 0, 30182 MiB, 0 %, 15.94 W, 42
2026/09/11 16:27:50.674, 1, 18814 MiB, 100 %, 68.53 W, 44
2026/09/11 16:27:52.674, 0, 30182 MiB, 0 %, 16.22 W, 42
2026/09/11 16:27:52.675, 1, 18814 MiB, 100 %, 68.76 W, 44
2026/09/11 16:27:54.675, 0, 30182 MiB, 0 %, 16.26 W, 42
2026/09/11 16:27:54.675, 1, 18814 MiB, 100 %, 68.37 W, 43
2026/09/11 16:27:56.675, 0, 30182 MiB, 0 %, 16.18 W, 42
2026/09/11 16:27:56.675, 1, 18814 MiB, 100 %, 68.92 W, 43
2026/09/11 16:27:58.675, 0, 30182 MiB, 0 %, 16.09 W, 42
2026/09/11 16:27:58.675, 1, 18814 MiB, 100 %, 68.98 W, 43
2026/09/11 16:28:00.675, 0, 30182 MiB, 0 %, 16.39 W, 42
2026/09/11 16:28:00.675, 1, 18814 MiB, 100 %, 68.93 W, 43
2026/09/11 16:28:02.676, 0, 30182 MiB, 0 %, 16.38 W, 42
2026/09/11 16:28:02.676, 1, 18814 MiB, 100 %, 68.48 W, 43
2026/09/11 16:28:04.676, 0, 30182 MiB, 0 %, 16.06 W, 42
2026/09/11 16:28:04.676, 1, 18814 MiB, 100 %, 68.61 W, 43
2026/09/11 16:28:06.676, 0, 30182 MiB, 0 %, 15.79 W, 42
2026/09/11 16:28:06.676, 1, 18814 MiB, 100 %, 68.03 W, 43
2026/09/11 16:28:08.676, 0, 30182 MiB, 0 %, 16.17 W, 42
2026/09/11 16:28:08.676, 1, 18814 MiB, 100 %, 68.62 W, 43
2026/09/11 16:28:10.676, 0, 30182 MiB, 0 %, 16.07 W, 42
2026/09/11 16:28:10.676, 1, 18814 MiB, 100 %, 67.89 W, 43
2026/09/11 16:28:12.677, 0, 30182 MiB, 0 %, 16.06 W, 42
2026/09/11 16:28:12.677, 1, 18814 MiB, 100 %, 68.08 W, 43
2026/09/11 16:28:14.677, 0, 30182 MiB, 0 %, 16.39 W, 42
2026/09/11 16:28:14.677, 1, 18814 MiB, 100 %, 67.89 W, 43
2026/09/11 16:28:16.677, 0, 30182 MiB, 0 %, 15.96 W, 42
2026/09/11 16:28:16.677, 1, 18814 MiB, 100 %, 67.75 W, 43
2026/09/11 16:28:18.677, 0, 30182 MiB, 0 %, 16.37 W, 42
2026/09/11 16:28:18.677, 1, 18814 MiB, 100 %, 67.66 W, 43
2026/09/11 16:28:20.678, 0, 30182 MiB, 0 %, 16.47 W, 42
2026/09/11 16:28:20.678, 1, 18814 MiB, 100 %, 67.81 W, 43
2026/09/11 16:28:22.678, 0, 30182 MiB, 0 %, 16.74 W, 42
2026/09/11 16:28:22.678, 1, 18814 MiB, 100 %, 68.16 W, 43
2026/09/11 16:28:24.678, 0, 30182 MiB, 0 %, 16.66 W, 42
2026/09/11 16:28:24.678, 1, 18814 MiB, 100 %, 68.14 W, 42
2026/09/11 16:28:26.678, 0, 30182 MiB, 0 %, 16.31 W, 42
2026/09/11 16:28:26.678, 1, 18814 MiB, 100 %, 68.14 W, 42
2026/09/11 16:28:28.678, 0, 30182 MiB, 0 %, 16.42 W, 42
2026/09/11 16:28:28.678, 1, 18814 MiB, 100 %, 68.45 W, 42
2026/09/11 16:28:30.679, 0, 30182 MiB, 0 %, 16.37 W, 42
2026/09/11 16:28:30.679, 1, 18814 MiB, 100 %, 68.11 W, 42
2026/09/11 16:28:32.679, 0, 30182 MiB, 0 %, 16.37 W, 42
2026/09/11 16:28:32.679, 1, 18814 MiB, 100 %, 67.90 W, 42
2026/09/11 16:28:34.679, 0, 30182 MiB, 0 %, 16.33 W, 42
2026/09/11 16:28:34.679, 1, 18814 MiB, 100 %, 68.07 W, 42
2026/09/11 16:28:36.679, 0, 30182 MiB, 0 %, 16.30 W, 42
2026/09/11 16:28:36.679, 1, 18814 MiB, 100 %, 67.27 W, 42
2026/09/11 16:28:38.679, 0, 30182 MiB, 0 %, 16.97 W, 42
2026/09/11 16:28:38.680, 1, 18814 MiB, 100 %, 67.90 W, 42
2026/09/11 16:28:40.680, 0, 30182 MiB, 0 %, 16.79 W, 42
2026/09/11 16:28:40.680, 1, 18814 MiB, 100 %, 67.37 W, 42
2026/09/11 16:28:42.680, 0, 30182 MiB, 0 %, 16.95 W, 42
2026/09/11 16:28:42.680, 1, 18814 MiB, 100 %, 67.39 W, 42
2026/09/11 16:28:44.680, 0, 30182 MiB, 0 %, 16.63 W, 42
2026/09/11 16:28:44.680, 1, 18814 MiB, 100 %, 67.61 W, 42
2026/09/11 16:28:46.680, 0, 30182 MiB, 0 %, 16.94 W, 42
2026/09/11 16:28:46.680, 1, 18814 MiB, 100 %, 67.12 W, 42
2026/09/11 16:28:48.681, 0, 30182 MiB, 0 %, 16.68 W, 42
2026/09/11 16:28:48.681, 1, 18814 MiB, 100 %, 67.15 W, 42
2026/09/11 16:28:50.681, 0, 30182 MiB, 0 %, 16.67 W, 42
2026/09/11 16:28:50.681, 1, 18814 MiB, 100 %, 66.90 W, 42
2026/09/11 16:28:52.681, 0, 30182 MiB, 0 %, 16.76 W, 42
2026/09/11 16:28:52.681, 1, 18814 MiB, 100 %, 67.55 W, 42
2026/09/11 16:28:54.681, 0, 30182 MiB, 0 %, 16.67 W, 42
2026/09/11 16:28:54.681, 1, 18814 MiB, 100 %, 66.83 W, 42
2026/09/11 16:28:56.681, 0, 30182 MiB, 0 %, 16.60 W, 42
2026/09/11 16:28:56.682, 1, 18814 MiB, 100 %, 66.78 W, 42
2026/09/11 16:28:58.682, 0, 30182 MiB, 0 %, 16.49 W, 42
2026/09/11 16:28:58.682, 1, 18814 MiB, 100 %, 66.32 W, 42
2026/09/11 16:29:00.682, 0, 30182 MiB, 0 %, 16.59 W, 42
2026/09/11 16:29:00.682, 1, 18814 MiB, 100 %, 66.40 W, 42
2026/09/11 16:29:02.682, 0, 30182 MiB, 0 %, 16.54 W, 42
2026/09/11 16:29:02.682, 1, 18814 MiB, 100 %, 66.13 W, 42
2026/09/11 16:29:04.682, 0, 30182 MiB, 0 %, 16.85 W, 42
2026/09/11 16:29:04.682, 1, 18814 MiB, 100 %, 66.28 W, 42
2026/09/11 16:29:06.683, 0, 30182 MiB, 0 %, 16.77 W, 42
2026/09/11 16:29:06.683, 1, 18814 MiB, 100 %, 66.54 W, 42
2026/09/11 16:29:08.683, 0, 30182 MiB, 0 %, 16.53 W, 42
2026/09/11 16:29:08.683, 1, 18814 MiB, 100 %, 66.35 W, 42
2026/09/11 16:29:10.683, 0, 30182 MiB, 0 %, 16.56 W, 42
2026/09/11 16:29:10.683, 1, 18814 MiB, 100 %, 66.49 W, 41
2026/09/11 16:29:12.683, 0, 30182 MiB, 0 %, 16.68 W, 42
2026/09/11 16:29:12.683, 1, 18814 MiB, 100 %, 66.51 W, 41
2026/09/11 16:29:14.683, 0, 30182 MiB, 0 %, 16.89 W, 42
2026/09/11 16:29:14.683, 1, 18814 MiB, 100 %, 66.14 W, 41
2026/09/11 16:29:16.684, 0, 30182 MiB, 0 %, 17.29 W, 42
2026/09/11 16:29:16.684, 1, 18814 MiB, 100 %, 66.17 W, 41
2026/09/11 16:29:18.684, 0, 30182 MiB, 0 %, 17.04 W, 42
2026/09/11 16:29:18.684, 1, 18814 MiB, 100 %, 65.99 W, 41
2026/09/11 16:29:20.684, 0, 30182 MiB, 0 %, 16.82 W, 42
2026/09/11 16:29:20.684, 1, 18814 MiB, 100 %, 66.16 W, 41
2026/09/11 16:29:22.684, 0, 30182 MiB, 0 %, 16.63 W, 42
2026/09/11 16:29:22.684, 1, 18814 MiB, 100 %, 66.10 W, 41
2026/09/11 16:29:24.684, 0, 30182 MiB, 0 %, 16.28 W, 42
2026/09/11 16:29:24.685, 1, 18814 MiB, 100 %, 66.22 W, 41
2026/09/11 16:29:26.685, 0, 30182 MiB, 0 %, 16.15 W, 42
2026/09/11 16:29:26.685, 1, 18814 MiB, 100 %, 66.37 W, 41
2026/09/11 16:29:28.685, 0, 30182 MiB, 0 %, 16.25 W, 42
2026/09/11 16:29:28.685, 1, 18814 MiB, 100 %, 66.28 W, 41
2026/09/11 16:29:30.685, 0, 30182 MiB, 0 %, 16.23 W, 42
2026/09/11 16:29:30.685, 1, 18814 MiB, 100 %, 66.61 W, 41
2026/09/11 16:29:32.685, 0, 30182 MiB, 0 %, 16.62 W, 42
2026/09/11 16:29:32.685, 1, 18814 MiB, 100 %, 66.50 W, 41
2026/09/11 16:29:34.686, 0, 30182 MiB, 0 %, 16.49 W, 42
2026/09/11 16:29:34.686, 1, 18814 MiB, 100 %, 66.69 W, 41
2026/09/11 16:29:36.686, 0, 30182 MiB, 0 %, 16.62 W, 42
2026/09/11 16:29:36.686, 1, 18814 MiB, 100 %, 66.57 W, 41
2026/09/11 16:29:38.686, 0, 30182 MiB, 0 %, 16.72 W, 42
2026/09/11 16:29:38.686, 1, 18814 MiB, 100 %, 66.48 W, 41
2026/09/11 16:29:40.686, 0, 30182 MiB, 0 %, 16.06 W, 42
2026/09/11 16:29:40.686, 1, 18814 MiB, 100 %, 66.47 W, 41
2026/09/11 16:29:42.687, 0, 30182 MiB, 0 %, 16.18 W, 42
2026/09/11 16:29:42.688, 1, 18814 MiB, 100 %, 66.55 W, 41
2026/09/11 16:29:44.689, 0, 30182 MiB, 0 %, 16.19 W, 42
2026/09/11 16:29:44.689, 1, 18814 MiB, 100 %, 66.58 W, 41
2026/09/11 16:29:46.689, 0, 30182 MiB, 0 %, 16.25 W, 42
2026/09/11 16:29:46.689, 1, 18814 MiB, 100 %, 66.40 W, 41
2026/09/11 16:29:48.690, 0, 30182 MiB, 0 %, 16.58 W, 42
2026/09/11 16:29:48.690, 1, 18814 MiB, 100 %, 66.94 W, 41
2026/09/11 16:29:50.690, 0, 30182 MiB, 0 %, 16.65 W, 42
2026/09/11 16:29:50.690, 1, 18814 MiB, 100 %, 65.96 W, 41
2026/09/11 16:29:52.690, 0, 30182 MiB, 0 %, 16.32 W, 42
2026/09/11 16:29:52.690, 1, 18814 MiB, 100 %, 66.19 W, 41
2026/09/11 16:29:54.690, 0, 30182 MiB, 0 %, 16.14 W, 42
2026/09/11 16:29:54.690, 1, 18814 MiB, 100 %, 66.46 W, 41
2026/09/11 16:29:56.690, 0, 30182 MiB, 0 %, 16.25 W, 42
2026/09/11 16:29:56.691, 1, 18814 MiB, 100 %, 66.22 W, 41
2026/09/11 16:29:58.691, 0, 30182 MiB, 0 %, 16.01 W, 42
2026/09/11 16:29:58.691, 1, 18814 MiB, 100 %, 66.24 W, 41
2026/09/11 16:30:00.691, 0, 30182 MiB, 0 %, 16.17 W, 42
2026/09/11 16:30:00.691, 1, 18814 MiB, 100 %, 65.89 W, 41
2026/09/11 16:30:02.691, 0, 30182 MiB, 0 %, 16.41 W, 42
2026/09/11 16:30:02.691, 1, 18814 MiB, 100 %, 66.08 W, 41
2026/09/11 16:30:04.691, 0, 30182 MiB, 0 %, 16.28 W, 42
2026/09/11 16:30:04.691, 1, 18814 MiB, 100 %, 66.29 W, 41
2026/09/11 16:30:06.692, 0, 30182 MiB, 0 %, 16.02 W, 42
2026/09/11 16:30:06.692, 1, 18814 MiB, 100 %, 66.51 W, 41
2026/09/11 16:30:08.692, 0, 30182 MiB, 0 %, 16.12 W, 42
2026/09/11 16:30:08.692, 1, 18814 MiB, 100 %, 66.22 W, 41
2026/09/11 16:30:10.692, 0, 30182 MiB, 0 %, 15.91 W, 42
2026/09/11 16:30:10.692, 1, 18814 MiB, 100 %, 66.29 W, 41
2026/09/11 16:30:12.692, 0, 30182 MiB, 0 %, 16.07 W, 42
2026/09/11 16:30:12.692, 1, 18814 MiB, 100 %, 66.42 W, 41
2026/09/11 16:30:14.692, 0, 30182 MiB, 0 %, 15.96 W, 42
2026/09/11 16:30:14.693, 1, 18814 MiB, 100 %, 66.63 W, 41
2026/09/11 16:30:16.693, 0, 30182 MiB, 0 %, 15.88 W, 42
2026/09/11 16:30:16.693, 1, 18814 MiB, 100 %, 65.84 W, 41
2026/09/11 16:30:18.693, 0, 30182 MiB, 0 %, 16.18 W, 42
2026/09/11 16:30:18.693, 1, 18814 MiB, 100 %, 66.05 W, 41
2026/09/11 16:30:20.693, 0, 30182 MiB, 0 %, 16.20 W, 42
2026/09/11 16:30:20.693, 1, 18814 MiB, 100 %, 66.37 W, 41
2026/09/11 16:30:22.693, 0, 30182 MiB, 0 %, 15.95 W, 42
2026/09/11 16:30:22.693, 1, 18814 MiB, 100 %, 66.47 W, 41
2026/09/11 16:30:24.694, 0, 30182 MiB, 0 %, 16.55 W, 42
2026/09/11 16:30:24.694, 1, 18814 MiB, 100 %, 66.19 W, 41
2026/09/11 16:30:26.694, 0, 30182 MiB, 0 %, 16.35 W, 42
2026/09/11 16:30:26.694, 1, 18814 MiB, 100 %, 66.00 W, 41
2026/09/11 16:30:28.694, 0, 30182 MiB, 0 %, 16.03 W, 42
2026/09/11 16:30:28.694, 1, 18814 MiB, 100 %, 65.85 W, 41
2026/09/11 16:30:30.694, 0, 30182 MiB, 0 %, 16.14 W, 42
2026/09/11 16:30:30.694, 1, 18814 MiB, 100 %, 65.91 W, 41
2026/09/11 16:30:32.695, 0, 30182 MiB, 0 %, 15.79 W, 42
2026/09/11 16:30:32.695, 1, 18814 MiB, 100 %, 66.28 W, 41
2026/09/11 16:30:34.695, 0, 30182 MiB, 0 %, 16.12 W, 42
2026/09/11 16:30:34.695, 1, 18814 MiB, 100 %, 66.43 W, 41
2026/09/11 16:30:36.695, 0, 30182 MiB, 0 %, 16.12 W, 42
2026/09/11 16:30:36.695, 1, 18814 MiB, 100 %, 66.48 W, 41
2026/09/11 16:30:38.695, 0, 30182 MiB, 0 %, 16.02 W, 42
2026/09/11 16:30:38.695, 1, 18814 MiB, 100 %, 66.43 W, 41
2026/09/11 16:30:40.695, 0, 30182 MiB, 0 %, 15.97 W, 42
2026/09/11 16:30:40.695, 1, 18814 MiB, 100 %, 66.20 W, 41
2026/09/11 16:30:42.696, 0, 30182 MiB, 0 %, 15.57 W, 42
2026/09/11 16:30:42.696, 1, 18814 MiB, 100 %, 65.96 W, 40
2026/09/11 16:30:44.696, 0, 30182 MiB, 0 %, 16.04 W, 42
2026/09/11 16:30:44.696, 1, 18814 MiB, 100 %, 66.74 W, 40
2026/09/11 16:30:46.696, 0, 30182 MiB, 0 %, 16.13 W, 42
2026/09/11 16:30:46.696, 1, 18814 MiB, 100 %, 66.39 W, 40
2026/09/11 16:30:48.696, 0, 30182 MiB, 0 %, 16.08 W, 42
2026/09/11 16:30:48.696, 1, 18814 MiB, 100 %, 66.25 W, 40
2026/09/11 16:30:50.696, 0, 30182 MiB, 0 %, 16.16 W, 42
2026/09/11 16:30:50.697, 1, 18814 MiB, 100 %, 66.46 W, 40
2026/09/11 16:30:52.697, 0, 30182 MiB, 0 %, 16.32 W, 42
2026/09/11 16:30:52.697, 1, 18814 MiB, 100 %, 66.33 W, 40
2026/09/11 16:30:54.697, 0, 30182 MiB, 0 %, 16.17 W, 42
2026/09/11 16:30:54.697, 1, 18814 MiB, 100 %, 65.81 W, 40
2026/09/11 16:30:56.697, 0, 30182 MiB, 0 %, 16.03 W, 42
2026/09/11 16:30:56.697, 1, 18814 MiB, 100 %, 65.72 W, 40
2026/09/11 16:30:58.697, 0, 30182 MiB, 0 %, 16.04 W, 42
2026/09/11 16:30:58.697, 1, 18814 MiB, 100 %, 65.58 W, 40
2026/09/11 16:31:00.698, 0, 30182 MiB, 0 %, 16.05 W, 42
2026/09/11 16:31:00.698, 1, 18814 MiB, 100 %, 65.67 W, 40
2026/09/11 16:31:02.698, 0, 30182 MiB, 0 %, 15.64 W, 42
2026/09/11 16:31:02.698, 1, 18814 MiB, 100 %, 65.88 W, 40
2026/09/11 16:31:04.698, 0, 30182 MiB, 0 %, 15.93 W, 42
2026/09/11 16:31:04.698, 1, 18814 MiB, 100 %, 65.92 W, 40
2026/09/11 16:31:06.698, 0, 30182 MiB, 0 %, 16.12 W, 42
2026/09/11 16:31:06.698, 1, 18814 MiB, 100 %, 66.21 W, 40
2026/09/11 16:31:08.698, 0, 30182 MiB, 0 %, 15.93 W, 42
2026/09/11 16:31:08.699, 1, 18814 MiB, 100 %, 66.50 W, 40
2026/09/11 16:31:10.699, 0, 30182 MiB, 0 %, 16.15 W, 42
2026/09/11 16:31:10.699, 1, 18814 MiB, 100 %, 66.03 W, 40
2026/09/11 16:31:12.699, 0, 30182 MiB, 0 %, 16.14 W, 42
2026/09/11 16:31:12.699, 1, 18814 MiB, 100 %, 66.40 W, 40
2026/09/11 16:31:14.699, 0, 30182 MiB, 0 %, 16.29 W, 42
2026/09/11 16:31:14.699, 1, 18814 MiB, 100 %, 65.50 W, 40
2026/09/11 16:31:16.699, 0, 30182 MiB, 0 %, 16.09 W, 42
2026/09/11 16:31:16.699, 1, 18814 MiB, 100 %, 65.52 W, 40
2026/09/11 16:31:18.700, 0, 30182 MiB, 0 %, 16.39 W, 42
2026/09/11 16:31:18.700, 1, 18814 MiB, 100 %, 65.69 W, 40
2026/09/11 16:31:20.700, 0, 30182 MiB, 0 %, 16.37 W, 42
2026/09/11 16:31:20.700, 1, 18814 MiB, 100 %, 65.51 W, 40
2026/09/11 16:31:22.700, 0, 30182 MiB, 0 %, 16.36 W, 42
2026/09/11 16:31:22.700, 1, 18814 MiB, 100 %, 65.84 W, 40
2026/09/11 16:31:24.700, 0, 30182 MiB, 0 %, 16.54 W, 42
2026/09/11 16:31:24.700, 1, 18814 MiB, 100 %, 65.65 W, 40
2026/09/11 16:31:26.700, 0, 30182 MiB, 0 %, 16.39 W, 42
2026/09/11 16:31:26.701, 1, 18814 MiB, 100 %, 65.82 W, 40
2026/09/11 16:31:28.701, 0, 30182 MiB, 0 %, 16.05 W, 42
2026/09/11 16:31:28.701, 1, 18814 MiB, 100 %, 65.85 W, 40
2026/09/11 16:31:30.701, 0, 30182 MiB, 0 %, 16.51 W, 42
2026/09/11 16:31:30.701, 1, 18814 MiB, 100 %, 65.95 W, 40
2026/09/11 16:31:32.701, 0, 30182 MiB, 0 %, 16.47 W, 42
2026/09/11 16:31:32.701, 1, 18814 MiB, 100 %, 65.79 W, 40
2026/09/11 16:31:34.701, 0, 30182 MiB, 0 %, 16.48 W, 42
2026/09/11 16:31:34.701, 1, 18814 MiB, 100 %, 66.14 W, 40
2026/09/11 16:31:36.702, 0, 30182 MiB, 0 %, 16.12 W, 42
2026/09/11 16:31:36.702, 1, 18814 MiB, 100 %, 65.94 W, 40
2026/09/11 16:31:38.702, 0, 30182 MiB, 0 %, 16.53 W, 42
2026/09/11 16:31:38.702, 1, 18814 MiB, 100 %, 66.06 W, 40
2026/09/11 16:31:40.702, 0, 30182 MiB, 0 %, 16.33 W, 42
2026/09/11 16:31:40.702, 1, 18814 MiB, 100 %, 66.19 W, 40
2026/09/11 16:31:42.702, 0, 30182 MiB, 0 %, 16.00 W, 42
2026/09/11 16:31:42.702, 1, 18814 MiB, 100 %, 65.87 W, 40
2026/09/11 16:31:44.703, 0, 30182 MiB, 0 %, 16.29 W, 42
2026/09/11 16:31:44.703, 1, 18814 MiB, 100 %, 65.86 W, 40
2026/09/11 16:31:46.703, 0, 30182 MiB, 0 %, 16.16 W, 42
2026/09/11 16:31:46.703, 1, 18814 MiB, 100 %, 65.99 W, 40
2026/09/11 16:31:48.703, 0, 30182 MiB, 0 %, 16.29 W, 42
2026/09/11 16:31:48.703, 1, 18814 MiB, 100 %, 66.31 W, 40
2026/09/11 16:31:50.703, 0, 30182 MiB, 0 %, 16.39 W, 42
2026/09/11 16:31:50.703, 1, 18814 MiB, 100 %, 66.29 W, 40
2026/09/11 16:31:52.703, 0, 30182 MiB, 0 %, 16.31 W, 42
2026/09/11 16:31:52.703, 1, 18814 MiB, 100 %, 66.43 W, 40
2026/09/11 16:31:54.704, 0, 30182 MiB, 0 %, 16.09 W, 42
2026/09/11 16:31:54.704, 1, 18814 MiB, 100 %, 66.50 W, 40
2026/09/11 16:31:56.704, 0, 30182 MiB, 0 %, 16.48 W, 42
2026/09/11 16:31:56.704, 1, 18814 MiB, 100 %, 66.25 W, 40
2026/09/11 16:31:58.704, 0, 30182 MiB, 0 %, 16.64 W, 42
2026/09/11 16:31:58.704, 1, 18814 MiB, 100 %, 65.67 W, 40
2026/09/11 16:32:00.704, 0, 30182 MiB, 0 %, 16.53 W, 42
2026/09/11 16:32:00.704, 1, 18814 MiB, 100 %, 65.63 W, 40
2026/09/11 16:32:02.705, 0, 30182 MiB, 0 %, 16.70 W, 42
2026/09/11 16:32:02.705, 1, 18814 MiB, 100 %, 65.73 W, 40
2026/09/11 16:32:04.705, 0, 30182 MiB, 0 %, 16.76 W, 42
2026/09/11 16:32:04.705, 1, 18814 MiB, 100 %, 65.97 W, 40
2026/09/11 16:32:06.705, 0, 30182 MiB, 0 %, 16.88 W, 42
2026/09/11 16:32:06.705, 1, 18814 MiB, 100 %, 66.04 W, 40
2026/09/11 16:32:08.705, 0, 30182 MiB, 0 %, 16.67 W, 42
2026/09/11 16:32:08.705, 1, 18814 MiB, 100 %, 65.68 W, 40
2026/09/11 16:32:10.705, 0, 30182 MiB, 0 %, 16.35 W, 42
2026/09/11 16:32:10.705, 1, 18814 MiB, 100 %, 65.54 W, 40
2026/09/11 16:32:12.706, 0, 30182 MiB, 0 %, 16.08 W, 42
2026/09/11 16:32:12.706, 1, 18814 MiB, 100 %, 65.75 W, 40
2026/09/11 16:32:14.706, 0, 30182 MiB, 0 %, 16.07 W, 42
2026/09/11 16:32:14.706, 1, 18814 MiB, 100 %, 65.50 W, 40
2026/09/11 16:32:16.706, 0, 30182 MiB, 0 %, 16.14 W, 42
2026/09/11 16:32:16.706, 1, 18814 MiB, 100 %, 66.06 W, 40
2026/09/11 16:32:18.706, 0, 30182 MiB, 0 %, 16.29 W, 42
2026/09/11 16:32:18.706, 1, 18814 MiB, 100 %, 65.70 W, 40
2026/09/11 16:32:20.706, 0, 30182 MiB, 0 %, 16.33 W, 42
2026/09/11 16:32:20.707, 1, 18814 MiB, 100 %, 66.17 W, 40
2026/09/11 16:32:22.707, 0, 30182 MiB, 0 %, 15.94 W, 42
2026/09/11 16:32:22.707, 1, 18814 MiB, 100 %, 65.85 W, 40
2026/09/11 16:32:24.707, 0, 30182 MiB, 0 %, 16.48 W, 42
2026/09/11 16:32:24.707, 1, 18814 MiB, 100 %, 66.79 W, 40
2026/09/11 16:32:26.707, 0, 30182 MiB, 0 %, 16.12 W, 42
2026/09/11 16:32:26.707, 1, 18814 MiB, 100 %, 65.88 W, 40
2026/09/11 16:32:28.707, 0, 30182 MiB, 0 %, 15.70 W, 42
2026/09/11 16:32:28.707, 1, 18814 MiB, 100 %, 65.61 W, 40
2026/09/11 16:32:30.708, 0, 30182 MiB, 0 %, 15.77 W, 42
2026/09/11 16:32:30.708, 1, 18814 MiB, 100 %, 65.89 W, 40
2026/09/11 16:32:32.708, 0, 30182 MiB, 0 %, 15.69 W, 42
2026/09/11 16:32:32.708, 1, 18814 MiB, 100 %, 65.81 W, 40
2026/09/11 16:32:34.708, 0, 30182 MiB, 0 %, 15.65 W, 42
2026/09/11 16:32:34.708, 1, 18814 MiB, 100 %, 66.07 W, 40
2026/09/11 16:32:36.708, 0, 30182 MiB, 0 %, 15.64 W, 42
2026/09/11 16:32:36.708, 1, 18814 MiB, 100 %, 65.71 W, 40
2026/09/11 16:32:38.708, 0, 30182 MiB, 0 %, 15.91 W, 42
2026/09/11 16:32:38.709, 1, 18814 MiB, 100 %, 65.54 W, 40
2026/09/11 16:32:40.709, 0, 30182 MiB, 0 %, 15.68 W, 42
2026/09/11 16:32:40.709, 1, 18814 MiB, 100 %, 65.89 W, 40
2026/09/11 16:32:42.709, 0, 30182 MiB, 0 %, 15.60 W, 42
2026/09/11 16:32:42.709, 1, 18814 MiB, 100 %, 65.39 W, 40
2026/09/11 16:32:44.709, 0, 30182 MiB, 0 %, 15.82 W, 42
2026/09/11 16:32:44.709, 1, 18814 MiB, 100 %, 65.75 W, 40
2026/09/11 16:32:46.709, 0, 30182 MiB, 0 %, 15.89 W, 42
2026/09/11 16:32:46.709, 1, 18814 MiB, 100 %, 65.64 W, 40
2026/09/11 16:32:48.710, 0, 30182 MiB, 0 %, 15.89 W, 42
2026/09/11 16:32:48.710, 1, 18814 MiB, 100 %, 65.67 W, 40
2026/09/11 16:32:50.710, 0, 30182 MiB, 0 %, 15.90 W, 42
2026/09/11 16:32:50.710, 1, 18814 MiB, 100 %, 65.92 W, 40
2026/09/11 16:32:52.710, 0, 30182 MiB, 0 %, 15.45 W, 42
2026/09/11 16:32:52.710, 1, 18814 MiB, 100 %, 65.94 W, 40
2026/09/11 16:32:54.710, 0, 30182 MiB, 0 %, 15.68 W, 42
2026/09/11 16:32:54.710, 1, 18814 MiB, 100 %, 66.43 W, 40
2026/09/11 16:32:56.710, 0, 30182 MiB, 0 %, 15.67 W, 42
2026/09/11 16:32:56.711, 1, 18814 MiB, 100 %, 66.29 W, 40
2026/09/11 16:32:58.711, 0, 30182 MiB, 0 %, 15.46 W, 42
2026/09/11 16:32:58.711, 1, 18814 MiB, 100 %, 65.60 W, 40
2026/09/11 16:33:00.711, 0, 30182 MiB, 0 %, 15.58 W, 42
2026/09/11 16:33:00.711, 1, 18814 MiB, 100 %, 65.25 W, 40
2026/09/11 16:33:02.711, 0, 30182 MiB, 0 %, 15.89 W, 42
2026/09/11 16:33:02.711, 1, 18814 MiB, 100 %, 65.71 W, 40
2026/09/11 16:33:04.711, 0, 30182 MiB, 0 %, 15.50 W, 42
2026/09/11 16:33:04.711, 1, 18814 MiB, 100 %, 65.56 W, 40
2026/09/11 16:33:06.712, 0, 30182 MiB, 0 %, 15.50 W, 42
2026/09/11 16:33:06.712, 1, 18814 MiB, 100 %, 66.03 W, 40
2026/09/11 16:33:08.712, 0, 30182 MiB, 0 %, 15.76 W, 42
2026/09/11 16:33:08.712, 1, 18814 MiB, 100 %, 65.56 W, 40
2026/09/11 16:33:10.712, 0, 30182 MiB, 0 %, 15.98 W, 42
2026/09/11 16:33:10.712, 1, 18814 MiB, 100 %, 65.60 W, 40
2026/09/11 16:33:12.712, 0, 30182 MiB, 0 %, 15.92 W, 42
2026/09/11 16:33:12.712, 1, 18814 MiB, 100 %, 65.34 W, 40
2026/09/11 16:33:14.712, 0, 30182 MiB, 0 %, 16.07 W, 42
2026/09/11 16:33:14.713, 1, 18814 MiB, 100 %, 65.41 W, 40
2026/09/11 16:33:16.713, 0, 30182 MiB, 0 %, 15.72 W, 42
2026/09/11 16:33:16.713, 1, 18814 MiB, 100 %, 65.39 W, 40
2026/09/11 16:33:18.713, 0, 30182 MiB, 0 %, 15.93 W, 42
2026/09/11 16:33:18.713, 1, 18814 MiB, 100 %, 65.40 W, 40
2026/09/11 16:33:20.713, 0, 30182 MiB, 0 %, 16.00 W, 42
2026/09/11 16:33:20.713, 1, 18814 MiB, 100 %, 65.63 W, 40
2026/09/11 16:33:22.713, 0, 30182 MiB, 0 %, 15.79 W, 42
2026/09/11 16:33:22.713, 1, 18814 MiB, 100 %, 65.43 W, 40
2026/09/11 16:33:24.714, 0, 30182 MiB, 0 %, 15.74 W, 42
2026/09/11 16:33:24.714, 1, 18814 MiB, 100 %, 65.34 W, 40
2026/09/11 16:33:26.714, 0, 30182 MiB, 0 %, 16.11 W, 42
2026/09/11 16:33:26.714, 1, 18814 MiB, 100 %, 65.13 W, 40
2026/09/11 16:33:28.714, 0, 30182 MiB, 0 %, 16.10 W, 42
2026/09/11 16:33:28.714, 1, 18814 MiB, 100 %, 65.18 W, 40
2026/09/11 16:33:30.714, 0, 30182 MiB, 0 %, 16.14 W, 42
2026/09/11 16:33:30.714, 1, 18814 MiB, 100 %, 65.17 W, 40
2026/09/11 16:33:32.714, 0, 30182 MiB, 0 %, 16.10 W, 42
2026/09/11 16:33:32.714, 1, 18814 MiB, 100 %, 65.23 W, 40
2026/09/11 16:33:34.715, 0, 30182 MiB, 0 %, 16.07 W, 42
2026/09/11 16:33:34.715, 1, 18814 MiB, 100 %, 65.08 W, 40
2026/09/11 16:33:36.715, 0, 30182 MiB, 0 %, 15.80 W, 42
2026/09/11 16:33:36.715, 1, 18814 MiB, 100 %, 65.44 W, 40
2026/09/11 16:33:38.715, 0, 30182 MiB, 0 %, 15.69 W, 42
2026/09/11 16:33:38.715, 1, 18814 MiB, 100 %, 65.04 W, 40
2026/09/11 16:33:40.715, 0, 30182 MiB, 0 %, 15.77 W, 42
2026/09/11 16:33:40.715, 1, 18814 MiB, 100 %, 65.29 W, 40
2026/09/11 16:33:42.715, 0, 30182 MiB, 0 %, 15.55 W, 42
2026/09/11 16:33:42.716, 1, 18814 MiB, 100 %, 65.35 W, 40
2026/09/11 16:33:44.716, 0, 30182 MiB, 0 %, 15.85 W, 42
2026/09/11 16:33:44.716, 1, 18814 MiB, 100 %, 65.21 W, 40
2026/09/11 16:33:46.716, 0, 30182 MiB, 0 %, 16.01 W, 42
2026/09/11 16:33:46.716, 1, 18814 MiB, 100 %, 65.49 W, 40
2026/09/11 16:33:48.716, 0, 30182 MiB, 0 %, 15.83 W, 42
2026/09/11 16:33:48.716, 1, 18814 MiB, 100 %, 65.77 W, 40
2026/09/11 16:33:50.716, 0, 30182 MiB, 0 %, 15.84 W, 42
2026/09/11 16:33:50.716, 1, 18814 MiB, 100 %, 65.72 W, 40
2026/09/11 16:33:52.717, 0, 30182 MiB, 0 %, 15.89 W, 42
2026/09/11 16:33:52.717, 1, 18814 MiB, 100 %, 65.96 W, 40
2026/09/11 16:33:54.717, 0, 30182 MiB, 0 %, 16.06 W, 42
2026/09/11 16:33:54.717, 1, 18814 MiB, 100 %, 65.63 W, 40
2026/09/11 16:33:56.717, 0, 30182 MiB, 0 %, 15.49 W, 42
2026/09/11 16:33:56.717, 1, 18814 MiB, 100 %, 65.80 W, 40
2026/09/11 16:33:58.717, 0, 30182 MiB, 0 %, 15.65 W, 42
2026/09/11 16:33:58.717, 1, 18814 MiB, 100 %, 66.06 W, 40
2026/09/11 16:34:00.718, 0, 30182 MiB, 0 %, 15.43 W, 41
2026/09/11 16:34:00.718, 1, 18814 MiB, 100 %, 66.04 W, 40
2026/09/11 16:34:02.718, 0, 30182 MiB, 0 %, 15.34 W, 41
2026/09/11 16:34:02.718, 1, 18814 MiB, 100 %, 66.11 W, 40
2026/09/11 16:34:04.718, 0, 30182 MiB, 0 %, 15.76 W, 42
2026/09/11 16:34:04.718, 1, 18814 MiB, 100 %, 66.50 W, 40
2026/09/11 16:34:06.718, 0, 30182 MiB, 0 %, 15.66 W, 41
2026/09/11 16:34:06.718, 1, 18814 MiB, 100 %, 66.28 W, 40
2026/09/11 16:34:08.718, 0, 30182 MiB, 0 %, 15.93 W, 41
2026/09/11 16:34:08.718, 1, 18814 MiB, 100 %, 66.21 W, 40
2026/09/11 16:34:10.719, 0, 30182 MiB, 0 %, 15.84 W, 42
2026/09/11 16:34:10.719, 1, 18814 MiB, 100 %, 66.21 W, 40
2026/09/11 16:34:12.719, 0, 30182 MiB, 0 %, 15.90 W, 42
2026/09/11 16:34:12.719, 1, 18814 MiB, 100 %, 65.98 W, 40
2026/09/11 16:34:14.719, 0, 30182 MiB, 0 %, 15.80 W, 41
2026/09/11 16:34:14.719, 1, 18814 MiB, 100 %, 66.18 W, 40
2026/09/11 16:34:16.719, 0, 30182 MiB, 0 %, 15.82 W, 41
2026/09/11 16:34:16.719, 1, 18814 MiB, 100 %, 66.33 W, 40
2026/09/11 16:34:18.720, 0, 30182 MiB, 0 %, 16.00 W, 42
2026/09/11 16:34:18.720, 1, 18814 MiB, 100 %, 66.30 W, 40
2026/09/11 16:34:20.720, 0, 30182 MiB, 0 %, 16.02 W, 42
2026/09/11 16:34:20.720, 1, 18814 MiB, 100 %, 66.32 W, 40
2026/09/11 16:34:22.720, 0, 30182 MiB, 0 %, 16.13 W, 41
2026/09/11 16:34:22.720, 1, 18814 MiB, 100 %, 65.96 W, 40
2026/09/11 16:34:24.720, 0, 30182 MiB, 0 %, 16.21 W, 41
2026/09/11 16:34:24.720, 1, 18814 MiB, 100 %, 65.68 W, 40
2026/09/11 16:34:26.720, 0, 30182 MiB, 0 %, 15.86 W, 41
2026/09/11 16:34:26.720, 1, 18814 MiB, 100 %, 65.77 W, 40
2026/09/11 16:34:28.721, 0, 30182 MiB, 0 %, 16.51 W, 41
2026/09/11 16:34:28.721, 1, 18814 MiB, 100 %, 65.67 W, 40
2026/09/11 16:34:30.721, 0, 30182 MiB, 0 %, 16.01 W, 41
2026/09/11 16:34:30.721, 1, 18814 MiB, 100 %, 65.40 W, 40
2026/09/11 16:34:32.721, 0, 30182 MiB, 0 %, 16.16 W, 41
2026/09/11 16:34:32.721, 1, 18814 MiB, 100 %, 65.53 W, 40
2026/09/11 16:34:34.721, 0, 30182 MiB, 0 %, 16.12 W, 41
2026/09/11 16:34:34.721, 1, 18814 MiB, 100 %, 65.75 W, 40
2026/09/11 16:34:36.721, 0, 30182 MiB, 0 %, 16.16 W, 41
2026/09/11 16:34:36.722, 1, 18814 MiB, 100 %, 65.87 W, 40
2026/09/11 16:34:38.722, 0, 30182 MiB, 0 %, 16.16 W, 41
2026/09/11 16:34:38.722, 1, 18814 MiB, 100 %, 65.73 W, 40
2026/09/11 16:34:40.722, 0, 30182 MiB, 0 %, 16.14 W, 41
2026/09/11 16:34:40.722, 1, 18814 MiB, 100 %, 65.90 W, 40
2026/09/11 16:34:42.722, 0, 30182 MiB, 0 %, 16.20 W, 41
2026/09/11 16:34:42.722, 1, 18814 MiB, 100 %, 65.96 W, 40
2026/09/11 16:34:44.722, 0, 30182 MiB, 0 %, 16.09 W, 41
2026/09/11 16:34:44.722, 1, 18814 MiB, 100 %, 65.86 W, 40
2026/09/11 16:34:46.723, 0, 30182 MiB, 0 %, 16.00 W, 41
2026/09/11 16:34:46.723, 1, 18814 MiB, 100 %, 66.05 W, 40
2026/09/11 16:34:48.723, 0, 30182 MiB, 0 %, 16.20 W, 41
2026/09/11 16:34:48.723, 1, 18814 MiB, 100 %, 65.78 W, 40
2026/09/11 16:34:50.723, 0, 30182 MiB, 0 %, 16.16 W, 41
2026/09/11 16:34:50.723, 1, 18814 MiB, 100 %, 66.04 W, 40
2026/09/11 16:34:52.723, 0, 30182 MiB, 0 %, 16.05 W, 41
2026/09/11 16:34:52.723, 1, 18814 MiB, 100 %, 65.75 W, 40
2026/09/11 16:34:54.724, 0, 30182 MiB, 0 %, 16.05 W, 41
2026/09/11 16:34:54.724, 1, 18814 MiB, 100 %, 65.40 W, 40
2026/09/11 16:34:56.724, 0, 30182 MiB, 0 %, 16.22 W, 41
2026/09/11 16:34:56.724, 1, 18814 MiB, 100 %, 65.70 W, 40
2026/09/11 16:34:58.724, 0, 30182 MiB, 0 %, 16.32 W, 41
2026/09/11 16:34:58.724, 1, 18814 MiB, 100 %, 65.57 W, 40
2026/09/11 16:35:00.724, 0, 30182 MiB, 0 %, 16.32 W, 41
2026/09/11 16:35:00.724, 1, 18814 MiB, 100 %, 65.72 W, 40
2026/09/11 16:35:02.724, 0, 30182 MiB, 0 %, 16.44 W, 41
2026/09/11 16:35:02.724, 1, 18814 MiB, 100 %, 65.66 W, 40
2026/09/11 16:35:04.725, 0, 30182 MiB, 0 %, 16.49 W, 41
2026/09/11 16:35:04.725, 1, 18814 MiB, 100 %, 65.57 W, 40
2026/09/11 16:35:06.725, 0, 30182 MiB, 0 %, 16.70 W, 41
2026/09/11 16:35:06.725, 1, 18814 MiB, 100 %, 65.24 W, 40
2026/09/11 16:35:08.725, 0, 30182 MiB, 0 %, 16.25 W, 41
2026/09/11 16:35:08.725, 1, 18814 MiB, 100 %, 65.89 W, 40
2026/09/11 16:35:10.730, 0, 30182 MiB, 0 %, 16.32 W, 41
2026/09/11 16:35:10.730, 1, 18814 MiB, 100 %, 65.61 W, 40
2026/09/11 16:35:12.730, 0, 30182 MiB, 0 %, 16.66 W, 41
2026/09/11 16:35:12.730, 1, 18814 MiB, 100 %, 65.57 W, 40
2026/09/11 16:35:14.730, 0, 30182 MiB, 0 %, 16.56 W, 41
2026/09/11 16:35:14.730, 1, 18814 MiB, 100 %, 65.55 W, 40
2026/09/11 16:35:16.731, 0, 30182 MiB, 0 %, 16.75 W, 41
2026/09/11 16:35:16.731, 1, 18814 MiB, 100 %, 65.32 W, 40
2026/09/11 16:35:18.731, 0, 30182 MiB, 0 %, 16.92 W, 41
2026/09/11 16:35:18.731, 1, 18814 MiB, 100 %, 65.18 W, 40
2026/09/11 16:35:20.731, 0, 30182 MiB, 0 %, 16.67 W, 41
2026/09/11 16:35:20.731, 1, 18814 MiB, 100 %, 65.07 W, 40
2026/09/11 16:35:22.731, 0, 30182 MiB, 0 %, 16.73 W, 41
2026/09/11 16:35:22.731, 1, 18814 MiB, 100 %, 65.66 W, 40
2026/09/11 16:35:24.731, 0, 30182 MiB, 0 %, 16.50 W, 41
2026/09/11 16:35:24.731, 1, 18814 MiB, 100 %, 65.34 W, 40
2026/09/11 16:35:26.732, 0, 30182 MiB, 0 %, 16.49 W, 41
2026/09/11 16:35:26.732, 1, 18814 MiB, 100 %, 65.72 W, 40
2026/09/11 16:35:28.732, 0, 30182 MiB, 0 %, 16.75 W, 41
2026/09/11 16:35:28.732, 1, 18814 MiB, 100 %, 65.20 W, 40
2026/09/11 16:35:30.732, 0, 30182 MiB, 0 %, 16.46 W, 41
2026/09/11 16:35:30.732, 1, 18814 MiB, 100 %, 65.57 W, 40
2026/09/11 16:35:32.732, 0, 30182 MiB, 0 %, 16.31 W, 41
2026/09/11 16:35:32.732, 1, 18814 MiB, 100 %, 66.07 W, 40
2026/09/11 16:35:34.732, 0, 30182 MiB, 0 %, 16.18 W, 41
2026/09/11 16:35:34.732, 1, 18814 MiB, 100 %, 65.85 W, 40
2026/09/11 16:35:36.732, 0, 30182 MiB, 0 %, 16.29 W, 41
2026/09/11 16:35:36.733, 1, 18814 MiB, 100 %, 65.57 W, 40
2026/09/11 16:35:38.733, 0, 30182 MiB, 0 %, 16.73 W, 41
2026/09/11 16:35:38.733, 1, 18814 MiB, 100 %, 65.44 W, 40
2026/09/11 16:35:40.733, 0, 30182 MiB, 0 %, 16.33 W, 41
2026/09/11 16:35:40.733, 1, 18814 MiB, 100 %, 65.78 W, 40
2026/09/11 16:35:42.733, 0, 30182 MiB, 0 %, 16.42 W, 41
2026/09/11 16:35:42.733, 1, 18814 MiB, 100 %, 65.77 W, 40
2026/09/11 16:35:44.733, 0, 30182 MiB, 0 %, 16.47 W, 41
2026/09/11 16:35:44.733, 1, 18814 MiB, 100 %, 65.58 W, 40
2026/09/11 16:35:46.733, 0, 30182 MiB, 0 %, 16.66 W, 41
2026/09/11 16:35:46.733, 1, 18814 MiB, 100 %, 65.86 W, 40
2026/09/11 16:35:48.733, 0, 30182 MiB, 0 %, 16.49 W, 41
2026/09/11 16:35:48.733, 1, 18814 MiB, 100 %, 65.74 W, 40
2026/09/11 16:35:50.734, 0, 30182 MiB, 0 %, 16.18 W, 41
2026/09/11 16:35:50.734, 1, 18814 MiB, 100 %, 65.55 W, 40
2026/09/11 16:35:52.734, 0, 30182 MiB, 0 %, 16.50 W, 41
2026/09/11 16:35:52.734, 1, 18814 MiB, 100 %, 65.84 W, 40
2026/09/11 16:35:54.734, 0, 30182 MiB, 0 %, 16.66 W, 41
2026/09/11 16:35:54.734, 1, 18814 MiB, 100 %, 65.73 W, 40
2026/09/11 16:35:56.734, 0, 30182 MiB, 0 %, 16.73 W, 41
2026/09/11 16:35:56.734, 1, 18814 MiB, 100 %, 65.79 W, 40
2026/09/11 16:35:58.734, 0, 30182 MiB, 0 %, 16.42 W, 41
2026/09/11 16:35:58.734, 1, 18814 MiB, 100 %, 65.42 W, 40
2026/09/11 16:36:00.734, 0, 30182 MiB, 0 %, 16.82 W, 41
2026/09/11 16:36:00.734, 1, 18814 MiB, 100 %, 65.67 W, 40
2026/09/11 16:36:02.734, 0, 30182 MiB, 0 %, 16.47 W, 41
2026/09/11 16:36:02.735, 1, 18814 MiB, 100 %, 66.06 W, 40
2026/09/11 16:36:04.735, 0, 30182 MiB, 0 %, 16.31 W, 41
2026/09/11 16:36:04.735, 1, 18814 MiB, 100 %, 66.19 W, 40
2026/09/11 16:36:06.735, 0, 30182 MiB, 0 %, 16.01 W, 41
2026/09/11 16:36:06.735, 1, 18814 MiB, 100 %, 66.19 W, 40
2026/09/11 16:36:08.735, 0, 30182 MiB, 0 %, 16.24 W, 41
2026/09/11 16:36:08.735, 1, 18814 MiB, 100 %, 65.75 W, 40
2026/09/11 16:36:10.735, 0, 30182 MiB, 0 %, 16.40 W, 41
2026/09/11 16:36:10.735, 1, 18814 MiB, 100 %, 65.98 W, 40
2026/09/11 16:36:12.735, 0, 30182 MiB, 0 %, 16.28 W, 41
2026/09/11 16:36:12.735, 1, 18814 MiB, 100 %, 65.63 W, 40
2026/09/11 16:36:14.735, 0, 30182 MiB, 0 %, 16.03 W, 41
2026/09/11 16:36:14.735, 1, 18814 MiB, 100 %, 66.07 W, 40
2026/09/11 16:36:16.736, 0, 30182 MiB, 0 %, 16.26 W, 41
2026/09/11 16:36:16.736, 1, 18814 MiB, 100 %, 65.97 W, 40
2026/09/11 16:36:18.736, 0, 30182 MiB, 0 %, 16.25 W, 41
2026/09/11 16:36:18.736, 1, 18814 MiB, 100 %, 66.37 W, 40
2026/09/11 16:36:20.736, 0, 30182 MiB, 0 %, 16.37 W, 41
2026/09/11 16:36:20.736, 1, 18814 MiB, 100 %, 65.78 W, 40
2026/09/11 16:36:22.736, 0, 30182 MiB, 0 %, 16.32 W, 41
2026/09/11 16:36:22.736, 1, 18814 MiB, 100 %, 65.34 W, 40
2026/09/11 16:36:24.736, 0, 30182 MiB, 0 %, 16.11 W, 41
2026/09/11 16:36:24.737, 1, 18814 MiB, 100 %, 65.20 W, 40
2026/09/11 16:36:26.737, 0, 30182 MiB, 0 %, 16.53 W, 41
2026/09/11 16:36:26.737, 1, 18814 MiB, 100 %, 65.52 W, 40
2026/09/11 16:36:28.737, 0, 30182 MiB, 0 %, 16.32 W, 41
2026/09/11 16:36:28.737, 1, 18814 MiB, 100 %, 65.68 W, 40
2026/09/11 16:36:30.737, 0, 30182 MiB, 0 %, 16.65 W, 41
2026/09/11 16:36:30.737, 1, 18814 MiB, 100 %, 65.59 W, 40
2026/09/11 16:36:32.737, 0, 30182 MiB, 0 %, 16.41 W, 41
2026/09/11 16:36:32.737, 1, 18814 MiB, 100 %, 65.47 W, 40
2026/09/11 16:36:34.738, 0, 30182 MiB, 0 %, 16.24 W, 41
2026/09/11 16:36:34.738, 1, 18814 MiB, 100 %, 65.45 W, 40
2026/09/11 16:36:36.738, 0, 30182 MiB, 0 %, 16.32 W, 41
2026/09/11 16:36:36.738, 1, 18814 MiB, 100 %, 65.43 W, 40
2026/09/11 16:36:38.738, 0, 30182 MiB, 0 %, 16.33 W, 41
2026/09/11 16:36:38.738, 1, 18814 MiB, 100 %, 65.30 W, 40
2026/09/11 16:36:40.738, 0, 30182 MiB, 0 %, 16.02 W, 41
2026/09/11 16:36:40.738, 1, 18814 MiB, 100 %, 65.47 W, 40
2026/09/11 16:36:42.738, 0, 30182 MiB, 0 %, 16.16 W, 41
2026/09/11 16:36:42.738, 1, 18814 MiB, 100 %, 65.39 W, 40
2026/09/11 16:36:44.739, 0, 30182 MiB, 0 %, 16.35 W, 41
2026/09/11 16:36:44.739, 1, 18814 MiB, 100 %, 65.45 W, 40
2026/09/11 16:36:46.739, 0, 30182 MiB, 0 %, 16.28 W, 41
2026/09/11 16:36:46.739, 1, 18814 MiB, 100 %, 65.40 W, 40
2026/09/11 16:36:48.739, 0, 30182 MiB, 0 %, 16.01 W, 41
2026/09/11 16:36:48.739, 1, 18814 MiB, 100 %, 65.38 W, 40
2026/09/11 16:36:50.739, 0, 30182 MiB, 0 %, 15.78 W, 41
2026/09/11 16:36:50.739, 1, 18814 MiB, 100 %, 65.29 W, 40
2026/09/11 16:36:52.740, 0, 30182 MiB, 0 %, 15.95 W, 41
2026/09/11 16:36:52.740, 1, 18814 MiB, 100 %, 65.20 W, 40
2026/09/11 16:36:54.740, 0, 30182 MiB, 0 %, 15.94 W, 41
2026/09/11 16:36:54.740, 1, 18814 MiB, 100 %, 65.11 W, 40
2026/09/11 16:36:56.740, 0, 30182 MiB, 0 %, 16.08 W, 41
2026/09/11 16:36:56.740, 1, 18814 MiB, 100 %, 65.27 W, 40
2026/09/11 16:36:58.740, 0, 30182 MiB, 0 %, 15.77 W, 41
2026/09/11 16:36:58.740, 1, 18814 MiB, 100 %, 64.67 W, 40
2026/09/11 16:37:00.741, 0, 30182 MiB, 0 %, 15.95 W, 41
2026/09/11 16:37:00.741, 1, 18814 MiB, 100 %, 64.65 W, 40
2026/09/11 16:37:02.741, 0, 30182 MiB, 0 %, 16.02 W, 41
2026/09/11 16:37:02.741, 1, 18814 MiB, 100 %, 65.23 W, 40
2026/09/11 16:37:04.741, 0, 30182 MiB, 0 %, 16.15 W, 41
2026/09/11 16:37:04.741, 1, 18814 MiB, 100 %, 65.76 W, 40
2026/09/11 16:37:06.741, 0, 30182 MiB, 0 %, 15.93 W, 41
2026/09/11 16:37:06.741, 1, 18814 MiB, 100 %, 65.71 W, 40
2026/09/11 16:37:08.741, 0, 30182 MiB, 0 %, 16.08 W, 41
2026/09/11 16:37:08.741, 1, 18814 MiB, 100 %, 65.61 W, 40
2026/09/11 16:37:10.742, 0, 30182 MiB, 0 %, 16.11 W, 41
2026/09/11 16:37:10.742, 1, 18814 MiB, 100 %, 66.03 W, 40
2026/09/11 16:37:12.742, 0, 30182 MiB, 0 %, 15.96 W, 41
2026/09/11 16:37:12.742, 1, 18814 MiB, 100 %, 65.29 W, 40
2026/09/11 16:37:14.742, 0, 30182 MiB, 0 %, 15.77 W, 41
2026/09/11 16:37:14.742, 1, 18814 MiB, 100 %, 65.75 W, 40
2026/09/11 16:37:16.742, 0, 30182 MiB, 0 %, 15.87 W, 41
2026/09/11 16:37:16.742, 1, 18814 MiB, 100 %, 65.90 W, 40
2026/09/11 16:37:18.742, 0, 30182 MiB, 0 %, 15.95 W, 41
2026/09/11 16:37:18.742, 1, 18814 MiB, 100 %, 65.99 W, 40
2026/09/11 16:37:20.743, 0, 30182 MiB, 0 %, 15.93 W, 41
2026/09/11 16:37:20.743, 1, 18814 MiB, 100 %, 65.92 W, 40
2026/09/11 16:37:22.743, 0, 30182 MiB, 0 %, 15.91 W, 41
2026/09/11 16:37:22.743, 1, 18814 MiB, 100 %, 65.33 W, 40
2026/09/11 16:37:24.743, 0, 30182 MiB, 0 %, 16.47 W, 41
2026/09/11 16:37:24.743, 1, 18814 MiB, 100 %, 65.57 W, 40
2026/09/11 16:37:26.743, 0, 30182 MiB, 0 %, 16.13 W, 41
2026/09/11 16:37:26.743, 1, 18814 MiB, 100 %, 65.87 W, 39
2026/09/11 16:37:28.744, 0, 30182 MiB, 0 %, 15.91 W, 41
2026/09/11 16:37:28.744, 1, 18814 MiB, 100 %, 65.72 W, 40
2026/09/11 16:37:30.744, 0, 30182 MiB, 0 %, 15.91 W, 41
2026/09/11 16:37:30.744, 1, 18814 MiB, 100 %, 65.73 W, 40
2026/09/11 16:37:32.744, 0, 30182 MiB, 0 %, 16.05 W, 41
2026/09/11 16:37:32.744, 1, 18814 MiB, 100 %, 65.46 W, 40
2026/09/11 16:37:34.744, 0, 30182 MiB, 0 %, 16.25 W, 41
2026/09/11 16:37:34.744, 1, 18814 MiB, 100 %, 65.69 W, 39
2026/09/11 16:37:36.744, 0, 30182 MiB, 0 %, 16.16 W, 41
2026/09/11 16:37:36.744, 1, 18814 MiB, 100 %, 65.35 W, 40
2026/09/11 16:37:38.745, 0, 30182 MiB, 0 %, 16.24 W, 41
2026/09/11 16:37:38.745, 1, 18814 MiB, 100 %, 65.35 W, 40
2026/09/11 16:37:40.745, 0, 30182 MiB, 0 %, 16.16 W, 41
2026/09/11 16:37:40.745, 1, 18814 MiB, 100 %, 65.62 W, 39
2026/09/11 16:37:42.745, 0, 30182 MiB, 0 %, 16.00 W, 41
2026/09/11 16:37:42.745, 1, 18814 MiB, 100 %, 65.22 W, 39
2026/09/11 16:37:44.745, 0, 30182 MiB, 0 %, 15.80 W, 41
2026/09/11 16:37:44.745, 1, 18814 MiB, 100 %, 65.40 W, 39
2026/09/11 16:37:46.745, 0, 30182 MiB, 0 %, 15.78 W, 41
2026/09/11 16:37:46.745, 1, 18814 MiB, 100 %, 65.08 W, 39
2026/09/11 16:37:48.745, 0, 30182 MiB, 0 %, 16.21 W, 41
2026/09/11 16:37:48.746, 1, 18814 MiB, 100 %, 65.55 W, 39
2026/09/11 16:37:50.746, 0, 30182 MiB, 0 %, 15.96 W, 41
2026/09/11 16:37:50.746, 1, 18814 MiB, 100 %, 65.92 W, 39
2026/09/11 16:37:52.746, 0, 30182 MiB, 0 %, 16.29 W, 41
2026/09/11 16:37:52.746, 1, 18814 MiB, 100 %, 66.15 W, 39
2026/09/11 16:37:54.746, 0, 30182 MiB, 0 %, 16.08 W, 41
2026/09/11 16:37:54.746, 1, 18814 MiB, 100 %, 65.94 W, 39
2026/09/11 16:37:56.746, 0, 30182 MiB, 0 %, 15.93 W, 41
2026/09/11 16:37:56.746, 1, 18814 MiB, 100 %, 65.50 W, 39
2026/09/11 16:37:58.746, 0, 30182 MiB, 0 %, 16.22 W, 41
2026/09/11 16:37:58.747, 1, 18814 MiB, 100 %, 65.31 W, 39
2026/09/11 16:38:00.747, 0, 30182 MiB, 0 %, 15.96 W, 41
2026/09/11 16:38:00.747, 1, 18814 MiB, 100 %, 64.71 W, 39
2026/09/11 16:38:02.747, 0, 30182 MiB, 0 %, 15.93 W, 41
2026/09/11 16:38:02.747, 1, 18814 MiB, 100 %, 64.74 W, 39
2026/09/11 16:38:04.747, 0, 30182 MiB, 0 %, 16.44 W, 41
2026/09/11 16:38:04.747, 1, 18814 MiB, 100 %, 65.35 W, 39
2026/09/11 16:38:06.747, 0, 30182 MiB, 0 %, 16.12 W, 41
2026/09/11 16:38:06.747, 1, 18814 MiB, 100 %, 66.01 W, 39
2026/09/11 16:38:08.748, 0, 30182 MiB, 0 %, 16.35 W, 41
2026/09/11 16:38:08.748, 1, 18814 MiB, 100 %, 65.98 W, 39
2026/09/11 16:38:10.748, 0, 30182 MiB, 0 %, 16.45 W, 41
2026/09/11 16:38:10.748, 1, 18814 MiB, 100 %, 65.47 W, 39
2026/09/11 16:38:12.748, 0, 30182 MiB, 0 %, 15.94 W, 41
2026/09/11 16:38:12.748, 1, 18814 MiB, 100 %, 65.50 W, 39
2026/09/11 16:38:14.748, 0, 30182 MiB, 0 %, 15.99 W, 41
2026/09/11 16:38:14.748, 1, 18814 MiB, 100 %, 65.36 W, 39
2026/09/11 16:38:16.749, 0, 30182 MiB, 0 %, 16.11 W, 41
2026/09/11 16:38:16.749, 1, 18814 MiB, 100 %, 65.17 W, 39
2026/09/11 16:38:18.749, 0, 30182 MiB, 0 %, 16.36 W, 41
2026/09/11 16:38:18.749, 1, 18814 MiB, 100 %, 65.01 W, 39
2026/09/11 16:38:20.749, 0, 30182 MiB, 0 %, 16.37 W, 41
2026/09/11 16:38:20.749, 1, 18814 MiB, 100 %, 65.56 W, 39
2026/09/11 16:38:22.749, 0, 30182 MiB, 0 %, 16.24 W, 41
2026/09/11 16:38:22.749, 1, 18814 MiB, 100 %, 65.62 W, 39
2026/09/11 16:38:24.749, 0, 30182 MiB, 0 %, 15.88 W, 41
2026/09/11 16:38:24.750, 1, 18814 MiB, 100 %, 65.57 W, 39
2026/09/11 16:38:26.750, 0, 30182 MiB, 0 %, 15.99 W, 41
2026/09/11 16:38:26.750, 1, 18814 MiB, 100 %, 65.56 W, 39
2026/09/11 16:38:28.750, 0, 30182 MiB, 0 %, 15.92 W, 41
2026/09/11 16:38:28.750, 1, 18814 MiB, 100 %, 65.38 W, 39
2026/09/11 16:38:30.750, 0, 30182 MiB, 0 %, 15.72 W, 41
2026/09/11 16:38:30.750, 1, 18814 MiB, 100 %, 65.11 W, 39
2026/09/11 16:38:32.750, 0, 30182 MiB, 0 %, 15.80 W, 41
2026/09/11 16:38:32.750, 1, 18814 MiB, 100 %, 65.31 W, 39
2026/09/11 16:38:34.751, 0, 30182 MiB, 0 %, 15.84 W, 41
2026/09/11 16:38:34.751, 1, 18814 MiB, 100 %, 65.38 W, 39
2026/09/11 16:38:36.751, 0, 30182 MiB, 0 %, 15.84 W, 41
2026/09/11 16:38:36.751, 1, 18814 MiB, 100 %, 65.23 W, 39
2026/09/11 16:38:38.751, 0, 30182 MiB, 0 %, 15.95 W, 41
2026/09/11 16:38:38.751, 1, 18814 MiB, 100 %, 65.00 W, 39
2026/09/11 16:38:40.751, 0, 30182 MiB, 0 %, 16.33 W, 41
2026/09/11 16:38:40.751, 1, 18814 MiB, 100 %, 65.19 W, 39
2026/09/11 16:38:42.751, 0, 30182 MiB, 0 %, 16.07 W, 41
2026/09/11 16:38:42.752, 1, 18814 MiB, 100 %, 64.87 W, 39
2026/09/11 16:38:44.752, 0, 30182 MiB, 0 %, 16.24 W, 41
2026/09/11 16:38:44.752, 1, 18814 MiB, 100 %, 64.78 W, 39
2026/09/11 16:38:46.752, 0, 30182 MiB, 0 %, 16.25 W, 41
2026/09/11 16:38:46.752, 1, 18814 MiB, 100 %, 64.82 W, 39
2026/09/11 16:38:48.752, 0, 30182 MiB, 0 %, 16.18 W, 41
2026/09/11 16:38:48.752, 1, 18814 MiB, 100 %, 65.02 W, 39
2026/09/11 16:38:50.752, 0, 30182 MiB, 0 %, 16.26 W, 41
2026/09/11 16:38:50.752, 1, 18814 MiB, 100 %, 64.96 W, 39
2026/09/11 16:38:52.753, 0, 30182 MiB, 0 %, 16.18 W, 41
2026/09/11 16:38:52.753, 1, 18814 MiB, 100 %, 64.78 W, 39
2026/09/11 16:38:54.753, 0, 30182 MiB, 0 %, 16.19 W, 41
2026/09/11 16:38:54.753, 1, 18814 MiB, 100 %, 65.09 W, 39
2026/09/11 16:38:56.753, 0, 30182 MiB, 0 %, 16.39 W, 41
2026/09/11 16:38:56.753, 1, 18814 MiB, 100 %, 65.20 W, 39
2026/09/11 16:38:58.753, 0, 30182 MiB, 0 %, 15.97 W, 41
2026/09/11 16:38:58.753, 1, 18814 MiB, 100 %, 65.54 W, 39
2026/09/11 16:39:00.753, 0, 30182 MiB, 0 %, 15.84 W, 41
2026/09/11 16:39:00.754, 1, 18814 MiB, 100 %, 65.23 W, 39
2026/09/11 16:39:02.754, 0, 30182 MiB, 0 %, 16.09 W, 41
2026/09/11 16:39:02.754, 1, 18814 MiB, 100 %, 65.15 W, 39
2026/09/11 16:39:04.754, 0, 30182 MiB, 0 %, 15.90 W, 41
2026/09/11 16:39:04.754, 1, 18814 MiB, 100 %, 65.14 W, 39
2026/09/11 16:39:06.754, 0, 30182 MiB, 0 %, 16.07 W, 41
2026/09/11 16:39:06.754, 1, 18814 MiB, 100 %, 65.03 W, 39
2026/09/11 16:39:08.754, 0, 30182 MiB, 0 %, 16.32 W, 41
2026/09/11 16:39:08.754, 1, 18814 MiB, 100 %, 65.21 W, 39
2026/09/11 16:39:10.755, 0, 30182 MiB, 0 %, 16.35 W, 41
2026/09/11 16:39:10.755, 1, 18814 MiB, 100 %, 65.36 W, 39
2026/09/11 16:39:12.755, 0, 30182 MiB, 0 %, 16.35 W, 41
2026/09/11 16:39:12.755, 1, 18814 MiB, 100 %, 65.25 W, 39
2026/09/11 16:39:14.755, 0, 30182 MiB, 0 %, 16.18 W, 41
2026/09/11 16:39:14.755, 1, 18814 MiB, 100 %, 65.65 W, 39
2026/09/11 16:39:16.755, 0, 30182 MiB, 0 %, 16.13 W, 41
2026/09/11 16:39:16.755, 1, 18814 MiB, 100 %, 65.67 W, 39
2026/09/11 16:39:18.755, 0, 30182 MiB, 0 %, 16.24 W, 41
2026/09/11 16:39:18.756, 1, 18814 MiB, 100 %, 65.08 W, 39
2026/09/11 16:39:20.756, 0, 30182 MiB, 0 %, 16.39 W, 41
2026/09/11 16:39:20.756, 1, 18814 MiB, 100 %, 65.07 W, 39
2026/09/11 16:39:22.756, 0, 30182 MiB, 0 %, 16.34 W, 41
2026/09/11 16:39:22.756, 1, 18814 MiB, 100 %, 65.16 W, 39
2026/09/11 16:39:24.756, 0, 30182 MiB, 0 %, 16.57 W, 41
2026/09/11 16:39:24.756, 1, 18814 MiB, 100 %, 64.74 W, 39
2026/09/11 16:39:26.756, 0, 30182 MiB, 0 %, 16.75 W, 41
2026/09/11 16:39:26.756, 1, 18814 MiB, 100 %, 64.65 W, 39
2026/09/11 16:39:28.757, 0, 30182 MiB, 0 %, 16.55 W, 41
2026/09/11 16:39:28.757, 1, 18814 MiB, 100 %, 64.67 W, 39
2026/09/11 16:39:30.757, 0, 30182 MiB, 0 %, 15.74 W, 41
2026/09/11 16:39:30.757, 1, 18814 MiB, 100 %, 64.73 W, 39
2026/09/11 16:39:32.757, 0, 30182 MiB, 0 %, 15.44 W, 41
2026/09/11 16:39:32.757, 1, 18814 MiB, 100 %, 64.75 W, 39
2026/09/11 16:39:34.757, 0, 30182 MiB, 0 %, 15.67 W, 41
2026/09/11 16:39:34.757, 1, 18814 MiB, 100 %, 64.62 W, 39
2026/09/11 16:39:36.758, 0, 30182 MiB, 0 %, 16.01 W, 41
2026/09/11 16:39:36.758, 1, 18814 MiB, 100 %, 64.71 W, 39
2026/09/11 16:39:38.758, 0, 30182 MiB, 0 %, 15.92 W, 41
2026/09/11 16:39:38.758, 1, 18814 MiB, 100 %, 64.43 W, 39
2026/09/11 16:39:40.758, 0, 30182 MiB, 0 %, 16.45 W, 41
2026/09/11 16:39:40.758, 1, 18814 MiB, 100 %, 64.53 W, 39
2026/09/11 16:39:42.758, 0, 30182 MiB, 0 %, 16.32 W, 41
2026/09/11 16:39:42.758, 1, 18814 MiB, 100 %, 64.85 W, 39
2026/09/11 16:39:44.758, 0, 30182 MiB, 0 %, 16.14 W, 41
2026/09/11 16:39:44.759, 1, 18814 MiB, 100 %, 64.84 W, 39
2026/09/11 16:39:46.759, 0, 30182 MiB, 0 %, 16.18 W, 41
2026/09/11 16:39:46.759, 1, 18814 MiB, 100 %, 64.66 W, 39
2026/09/11 16:39:48.759, 0, 30182 MiB, 0 %, 16.40 W, 41
2026/09/11 16:39:48.759, 1, 18814 MiB, 100 %, 64.77 W, 39
2026/09/11 16:39:50.759, 0, 30182 MiB, 0 %, 16.21 W, 41
2026/09/11 16:39:50.759, 1, 18814 MiB, 100 %, 64.44 W, 39
2026/09/11 16:39:52.759, 0, 30182 MiB, 0 %, 16.32 W, 41
2026/09/11 16:39:52.759, 1, 18814 MiB, 100 %, 64.64 W, 39
2026/09/11 16:39:54.760, 0, 30182 MiB, 0 %, 16.15 W, 41
2026/09/11 16:39:54.760, 1, 18814 MiB, 100 %, 64.42 W, 39
2026/09/11 16:39:56.760, 0, 30182 MiB, 0 %, 15.77 W, 41
2026/09/11 16:39:56.760, 1, 18814 MiB, 100 %, 64.43 W, 39
2026/09/11 16:39:58.760, 0, 30182 MiB, 0 %, 16.37 W, 41
2026/09/11 16:39:58.760, 1, 18814 MiB, 100 %, 64.17 W, 39
2026/09/11 16:40:00.760, 0, 30182 MiB, 0 %, 16.40 W, 41
2026/09/11 16:40:00.760, 1, 18814 MiB, 100 %, 64.38 W, 39
2026/09/11 16:40:02.760, 0, 30182 MiB, 0 %, 16.54 W, 41
2026/09/11 16:40:02.761, 1, 18814 MiB, 100 %, 64.14 W, 39
2026/09/11 16:40:04.761, 0, 30182 MiB, 0 %, 16.18 W, 41
2026/09/11 16:40:04.761, 1, 18814 MiB, 100 %, 64.51 W, 39
2026/09/11 16:40:06.761, 0, 30182 MiB, 0 %, 16.00 W, 41
2026/09/11 16:40:06.761, 1, 18814 MiB, 100 %, 65.09 W, 39
2026/09/11 16:40:08.761, 0, 30182 MiB, 0 %, 16.21 W, 41
2026/09/11 16:40:08.761, 1, 18814 MiB, 100 %, 65.18 W, 39
2026/09/11 16:40:10.761, 0, 30182 MiB, 0 %, 16.48 W, 41
2026/09/11 16:40:10.761, 1, 18814 MiB, 100 %, 65.09 W, 39
2026/09/11 16:40:12.761, 0, 30182 MiB, 0 %, 16.29 W, 41
2026/09/11 16:40:12.762, 1, 18814 MiB, 98 %, 65.01 W, 39
2026/09/11 16:40:14.762, 0, 30182 MiB, 0 %, 16.40 W, 41
2026/09/11 16:40:14.762, 1, 18814 MiB, 100 %, 64.87 W, 39
2026/09/11 16:40:16.762, 0, 30182 MiB, 0 %, 16.03 W, 41
2026/09/11 16:40:16.762, 1, 18814 MiB, 100 %, 64.83 W, 39
2026/09/11 16:40:18.762, 0, 30182 MiB, 0 %, 16.20 W, 41
2026/09/11 16:40:18.762, 1, 18814 MiB, 100 %, 65.19 W, 39
2026/09/11 16:40:20.762, 0, 30182 MiB, 0 %, 15.76 W, 41
2026/09/11 16:40:20.762, 1, 18814 MiB, 100 %, 65.42 W, 39
2026/09/11 16:40:22.763, 0, 30182 MiB, 0 %, 15.82 W, 41
2026/09/11 16:40:22.763, 1, 18814 MiB, 100 %, 65.31 W, 39
2026/09/11 16:40:24.763, 0, 30182 MiB, 0 %, 16.22 W, 41
2026/09/11 16:40:24.763, 1, 18814 MiB, 100 %, 65.41 W, 39
2026/09/11 16:40:26.763, 0, 30182 MiB, 0 %, 16.22 W, 41
2026/09/11 16:40:26.763, 1, 18814 MiB, 100 %, 65.24 W, 39
2026/09/11 16:40:28.763, 0, 30182 MiB, 0 %, 16.15 W, 41
2026/09/11 16:40:28.763, 1, 18814 MiB, 100 %, 65.39 W, 39
2026/09/11 16:40:30.763, 0, 30182 MiB, 0 %, 16.40 W, 41
2026/09/11 16:40:30.764, 1, 18814 MiB, 100 %, 65.42 W, 39
2026/09/11 16:40:32.764, 0, 30182 MiB, 0 %, 16.02 W, 41
2026/09/11 16:40:32.764, 1, 18814 MiB, 100 %, 64.93 W, 39
2026/09/11 16:40:34.764, 0, 30182 MiB, 0 %, 16.02 W, 41
2026/09/11 16:40:34.764, 1, 18814 MiB, 100 %, 64.89 W, 39
2026/09/11 16:40:36.764, 0, 30182 MiB, 0 %, 15.81 W, 41
2026/09/11 16:40:36.764, 1, 18814 MiB, 100 %, 65.22 W, 39
2026/09/11 16:40:38.764, 0, 30182 MiB, 0 %, 15.98 W, 41
2026/09/11 16:40:38.764, 1, 18814 MiB, 100 %, 64.35 W, 39
2026/09/11 16:40:40.764, 0, 30182 MiB, 0 %, 15.96 W, 41
2026/09/11 16:40:40.764, 1, 18814 MiB, 100 %, 64.33 W, 39
2026/09/11 16:40:42.765, 0, 30182 MiB, 0 %, 15.95 W, 41
2026/09/11 16:40:42.765, 1, 18814 MiB, 100 %, 64.77 W, 39
2026/09/11 16:40:44.765, 0, 30182 MiB, 0 %, 16.09 W, 41
2026/09/11 16:40:44.765, 1, 18814 MiB, 100 %, 64.71 W, 39
2026/09/11 16:40:46.765, 0, 30182 MiB, 0 %, 16.29 W, 41
2026/09/11 16:40:46.765, 1, 18814 MiB, 100 %, 64.70 W, 39
2026/09/11 16:40:48.765, 0, 30182 MiB, 0 %, 16.01 W, 41
2026/09/11 16:40:48.765, 1, 18814 MiB, 100 %, 64.47 W, 39
2026/09/11 16:40:50.765, 0, 30182 MiB, 0 %, 16.01 W, 41
2026/09/11 16:40:50.765, 1, 18814 MiB, 100 %, 64.81 W, 39
2026/09/11 16:40:52.766, 0, 30182 MiB, 0 %, 15.68 W, 41
2026/09/11 16:40:52.766, 1, 18814 MiB, 100 %, 64.68 W, 39
2026/09/11 16:40:54.766, 0, 30182 MiB, 0 %, 15.68 W, 41
2026/09/11 16:40:54.766, 1, 18814 MiB, 100 %, 64.96 W, 39
2026/09/11 16:40:56.766, 0, 30182 MiB, 0 %, 15.82 W, 41
2026/09/11 16:40:56.766, 1, 18814 MiB, 100 %, 65.11 W, 39
2026/09/11 16:40:58.766, 0, 30182 MiB, 0 %, 15.87 W, 41
2026/09/11 16:40:58.766, 1, 18814 MiB, 100 %, 65.61 W, 39
2026/09/11 16:41:00.767, 0, 30182 MiB, 0 %, 15.78 W, 41
2026/09/11 16:41:00.767, 1, 18814 MiB, 100 %, 65.94 W, 39
2026/09/11 16:41:02.767, 0, 30182 MiB, 0 %, 15.93 W, 41
2026/09/11 16:41:02.767, 1, 18814 MiB, 100 %, 65.60 W, 39
2026/09/11 16:41:04.767, 0, 30182 MiB, 0 %, 16.02 W, 41
2026/09/11 16:41:04.767, 1, 18814 MiB, 100 %, 65.11 W, 39
2026/09/11 16:41:06.767, 0, 30182 MiB, 0 %, 15.80 W, 41
2026/09/11 16:41:06.767, 1, 18814 MiB, 100 %, 64.89 W, 39
2026/09/11 16:41:08.767, 0, 30182 MiB, 0 %, 15.90 W, 41
2026/09/11 16:41:08.767, 1, 18814 MiB, 100 %, 64.78 W, 39
2026/09/11 16:41:10.768, 0, 30182 MiB, 0 %, 16.17 W, 41
2026/09/11 16:41:10.768, 1, 18814 MiB, 100 %, 64.87 W, 39
2026/09/11 16:41:12.768, 0, 30182 MiB, 0 %, 16.10 W, 41
2026/09/11 16:41:12.768, 1, 18814 MiB, 100 %, 65.25 W, 39
2026/09/11 16:41:14.768, 0, 30182 MiB, 0 %, 15.79 W, 41
2026/09/11 16:41:14.768, 1, 18814 MiB, 100 %, 64.68 W, 39
2026/09/11 16:41:16.768, 0, 30182 MiB, 0 %, 15.74 W, 41
2026/09/11 16:41:16.768, 1, 18814 MiB, 100 %, 65.06 W, 39
2026/09/11 16:41:18.768, 0, 30182 MiB, 0 %, 15.98 W, 41
2026/09/11 16:41:18.769, 1, 18814 MiB, 100 %, 65.04 W, 39
2026/09/11 16:41:20.769, 0, 30182 MiB, 0 %, 16.04 W, 41
2026/09/11 16:41:20.769, 1, 18814 MiB, 100 %, 64.98 W, 39
2026/09/11 16:41:22.769, 0, 30182 MiB, 0 %, 16.17 W, 41
2026/09/11 16:41:22.769, 1, 18814 MiB, 100 %, 65.12 W, 39
2026/09/11 16:41:24.769, 0, 30182 MiB, 0 %, 16.31 W, 41
2026/09/11 16:41:24.769, 1, 18814 MiB, 100 %, 64.98 W, 39
2026/09/11 16:41:26.769, 0, 30182 MiB, 0 %, 16.33 W, 41
2026/09/11 16:41:26.769, 1, 18814 MiB, 100 %, 65.29 W, 39
2026/09/11 16:41:28.770, 0, 30182 MiB, 0 %, 16.35 W, 41
2026/09/11 16:41:28.770, 1, 18814 MiB, 100 %, 65.05 W, 39
2026/09/11 16:41:30.770, 0, 30182 MiB, 0 %, 16.57 W, 41
2026/09/11 16:41:30.770, 1, 18814 MiB, 100 %, 64.98 W, 39
2026/09/11 16:41:32.770, 0, 30182 MiB, 0 %, 16.57 W, 41
2026/09/11 16:41:32.770, 1, 18814 MiB, 100 %, 65.17 W, 39
2026/09/11 16:41:34.770, 0, 30182 MiB, 0 %, 16.42 W, 41
2026/09/11 16:41:34.770, 1, 18814 MiB, 100 %, 65.21 W, 39
2026/09/11 16:41:36.770, 0, 30182 MiB, 0 %, 16.11 W, 41
2026/09/11 16:41:36.770, 1, 18814 MiB, 100 %, 65.18 W, 39
2026/09/11 16:41:38.771, 0, 30182 MiB, 0 %, 16.26 W, 41
2026/09/11 16:41:38.771, 1, 18814 MiB, 100 %, 65.07 W, 39
2026/09/11 16:41:40.771, 0, 30182 MiB, 0 %, 16.74 W, 41
2026/09/11 16:41:40.771, 1, 18814 MiB, 100 %, 64.96 W, 39
2026/09/11 16:41:42.771, 0, 30182 MiB, 0 %, 16.35 W, 41
2026/09/11 16:41:42.771, 1, 18814 MiB, 100 %, 65.34 W, 39
2026/09/11 16:41:44.771, 0, 30182 MiB, 0 %, 16.76 W, 41
2026/09/11 16:41:44.771, 1, 18814 MiB, 98 %, 65.25 W, 39
2026/09/11 16:41:46.771, 0, 30182 MiB, 0 %, 16.66 W, 41
2026/09/11 16:41:46.771, 1, 18814 MiB, 100 %, 64.87 W, 39
2026/09/11 16:41:48.772, 0, 30182 MiB, 0 %, 16.32 W, 41
2026/09/11 16:41:48.772, 1, 18814 MiB, 100 %, 65.15 W, 39
2026/09/11 16:41:50.772, 0, 30182 MiB, 0 %, 16.05 W, 41
2026/09/11 16:41:50.772, 1, 18814 MiB, 100 %, 65.33 W, 39
2026/09/11 16:41:52.772, 0, 30182 MiB, 0 %, 15.86 W, 41
2026/09/11 16:41:52.772, 1, 18814 MiB, 100 %, 65.68 W, 39
2026/09/11 16:41:54.772, 0, 30182 MiB, 0 %, 16.09 W, 41
2026/09/11 16:41:54.772, 1, 18814 MiB, 100 %, 65.33 W, 39
2026/09/11 16:41:56.772, 0, 30182 MiB, 0 %, 16.31 W, 41
2026/09/11 16:41:56.772, 1, 18814 MiB, 100 %, 65.17 W, 39
2026/09/11 16:41:58.773, 0, 30182 MiB, 0 %, 15.91 W, 41
2026/09/11 16:41:58.773, 1, 18814 MiB, 100 %, 65.32 W, 39
2026/09/11 16:42:00.773, 0, 30182 MiB, 0 %, 16.18 W, 41
2026/09/11 16:42:00.773, 1, 18814 MiB, 100 %, 65.39 W, 39
2026/09/11 16:42:02.773, 0, 30182 MiB, 0 %, 15.92 W, 41
2026/09/11 16:42:02.773, 1, 18814 MiB, 100 %, 65.10 W, 39
2026/09/11 16:42:04.773, 0, 30182 MiB, 0 %, 16.37 W, 41
2026/09/11 16:42:04.773, 1, 18814 MiB, 100 %, 65.11 W, 39
2026/09/11 16:42:06.774, 0, 30182 MiB, 0 %, 16.19 W, 41
2026/09/11 16:42:06.774, 1, 18814 MiB, 100 %, 64.90 W, 39
2026/09/11 16:42:08.774, 0, 30182 MiB, 0 %, 16.15 W, 41
2026/09/11 16:42:08.774, 1, 18814 MiB, 100 %, 64.81 W, 39
2026/09/11 16:42:10.774, 0, 30182 MiB, 0 %, 16.14 W, 41
2026/09/11 16:42:10.774, 1, 18814 MiB, 100 %, 64.98 W, 39
2026/09/11 16:42:12.774, 0, 30182 MiB, 0 %, 16.43 W, 41
2026/09/11 16:42:12.774, 1, 18814 MiB, 100 %, 65.04 W, 39
2026/09/11 16:42:14.774, 0, 30182 MiB, 0 %, 15.91 W, 41
2026/09/11 16:42:14.775, 1, 18814 MiB, 100 %, 65.08 W, 39
2026/09/11 16:42:16.775, 0, 30182 MiB, 0 %, 15.77 W, 41
2026/09/11 16:42:16.775, 1, 18814 MiB, 100 %, 64.76 W, 39
2026/09/11 16:42:18.775, 0, 30182 MiB, 0 %, 15.80 W, 41
2026/09/11 16:42:18.775, 1, 18814 MiB, 100 %, 64.80 W, 39
2026/09/11 16:42:20.775, 0, 30182 MiB, 0 %, 15.97 W, 41
2026/09/11 16:42:20.775, 1, 18814 MiB, 100 %, 64.80 W, 39
2026/09/11 16:42:22.775, 0, 30182 MiB, 0 %, 15.86 W, 41
2026/09/11 16:42:22.775, 1, 18814 MiB, 100 %, 65.03 W, 39
2026/09/11 16:42:24.776, 0, 30182 MiB, 0 %, 16.08 W, 41
2026/09/11 16:42:24.776, 1, 18814 MiB, 100 %, 64.79 W, 39
2026/09/11 16:42:26.776, 0, 30182 MiB, 0 %, 15.86 W, 41
2026/09/11 16:42:26.776, 1, 18814 MiB, 100 %, 65.08 W, 39
2026/09/11 16:42:28.776, 0, 30182 MiB, 0 %, 16.53 W, 41
2026/09/11 16:42:28.776, 1, 18814 MiB, 100 %, 65.13 W, 39
2026/09/11 16:42:30.776, 0, 30182 MiB, 0 %, 16.66 W, 41
2026/09/11 16:42:30.776, 1, 18814 MiB, 100 %, 65.03 W, 39
2026/09/11 16:42:32.776, 0, 30182 MiB, 0 %, 16.04 W, 41
2026/09/11 16:42:32.777, 1, 18814 MiB, 100 %, 65.23 W, 39
2026/09/11 16:42:34.777, 0, 30182 MiB, 0 %, 16.45 W, 41
2026/09/11 16:42:34.777, 1, 18814 MiB, 100 %, 65.51 W, 39
2026/09/11 16:42:36.777, 0, 30182 MiB, 0 %, 16.36 W, 41
2026/09/11 16:42:36.777, 1, 18814 MiB, 100 %, 65.28 W, 39
2026/09/11 16:42:38.777, 0, 30182 MiB, 0 %, 16.28 W, 41
2026/09/11 16:42:38.777, 1, 18814 MiB, 100 %, 65.41 W, 39
2026/09/11 16:42:40.777, 0, 30182 MiB, 0 %, 15.89 W, 41
2026/09/11 16:42:40.777, 1, 18814 MiB, 100 %, 64.76 W, 39
2026/09/11 16:42:42.778, 0, 30182 MiB, 0 %, 16.12 W, 41
2026/09/11 16:42:42.778, 1, 18814 MiB, 100 %, 64.70 W, 39
2026/09/11 16:42:44.778, 0, 30182 MiB, 0 %, 16.33 W, 41
2026/09/11 16:42:44.778, 1, 18814 MiB, 100 %, 65.02 W, 39
2026/09/11 16:42:46.778, 0, 30182 MiB, 0 %, 16.18 W, 41
2026/09/11 16:42:46.778, 1, 18814 MiB, 100 %, 65.40 W, 39
2026/09/11 16:42:48.778, 0, 30182 MiB, 0 %, 16.61 W, 41
2026/09/11 16:42:48.778, 1, 18814 MiB, 100 %, 65.25 W, 39
2026/09/11 16:42:50.779, 0, 30182 MiB, 0 %, 16.88 W, 41
2026/09/11 16:42:50.779, 1, 18814 MiB, 100 %, 65.19 W, 39
2026/09/11 16:42:52.779, 0, 30182 MiB, 0 %, 16.15 W, 41
2026/09/11 16:42:52.779, 1, 18814 MiB, 100 %, 64.95 W, 39
2026/09/11 16:42:54.779, 0, 30182 MiB, 0 %, 16.25 W, 41
2026/09/11 16:42:54.779, 1, 18814 MiB, 100 %, 64.72 W, 39
2026/09/11 16:42:56.779, 0, 30182 MiB, 0 %, 16.32 W, 41
2026/09/11 16:42:56.779, 1, 18814 MiB, 100 %, 64.85 W, 39
2026/09/11 16:42:58.779, 0, 30182 MiB, 0 %, 16.32 W, 41
2026/09/11 16:42:58.780, 1, 18814 MiB, 100 %, 64.75 W, 39
2026/09/11 16:43:00.780, 0, 30182 MiB, 0 %, 16.23 W, 41
2026/09/11 16:43:00.780, 1, 18814 MiB, 100 %, 64.28 W, 39
2026/09/11 16:43:02.780, 0, 30182 MiB, 0 %, 16.23 W, 41
2026/09/11 16:43:02.780, 1, 18814 MiB, 100 %, 63.99 W, 39
2026/09/11 16:43:04.780, 0, 30182 MiB, 0 %, 16.19 W, 41
2026/09/11 16:43:04.780, 1, 18814 MiB, 100 %, 64.25 W, 39
2026/09/11 16:43:06.780, 0, 30182 MiB, 0 %, 15.96 W, 41
2026/09/11 16:43:06.780, 1, 18814 MiB, 100 %, 64.51 W, 39
2026/09/11 16:43:08.781, 0, 30182 MiB, 0 %, 16.11 W, 41
2026/09/11 16:43:08.781, 1, 18814 MiB, 100 %, 64.43 W, 39
2026/09/11 16:43:10.781, 0, 30182 MiB, 0 %, 16.21 W, 41
2026/09/11 16:43:10.781, 1, 18814 MiB, 100 %, 64.50 W, 39
2026/09/11 16:43:12.781, 0, 30182 MiB, 0 %, 15.65 W, 41
2026/09/11 16:43:12.781, 1, 18814 MiB, 100 %, 64.62 W, 39
2026/09/11 16:43:14.781, 0, 30182 MiB, 0 %, 15.94 W, 41
2026/09/11 16:43:14.781, 1, 18814 MiB, 100 %, 64.79 W, 39
2026/09/11 16:43:16.781, 0, 30182 MiB, 0 %, 15.98 W, 41
2026/09/11 16:43:16.781, 1, 18814 MiB, 100 %, 64.57 W, 39
2026/09/11 16:43:18.782, 0, 30182 MiB, 0 %, 16.04 W, 41
2026/09/11 16:43:18.782, 1, 18814 MiB, 100 %, 64.62 W, 39
2026/09/11 16:43:20.782, 0, 30182 MiB, 0 %, 15.76 W, 41
2026/09/11 16:43:20.782, 1, 18814 MiB, 100 %, 64.91 W, 39
2026/09/11 16:43:22.782, 0, 30182 MiB, 0 %, 15.88 W, 41
2026/09/11 16:43:22.782, 1, 18814 MiB, 100 %, 64.57 W, 39
2026/09/11 16:43:24.782, 0, 30182 MiB, 0 %, 16.27 W, 41
2026/09/11 16:43:24.782, 1, 18814 MiB, 100 %, 64.54 W, 39
2026/09/11 16:43:26.783, 0, 30182 MiB, 0 %, 15.86 W, 41
2026/09/11 16:43:26.783, 1, 18814 MiB, 100 %, 64.76 W, 39
2026/09/11 16:43:28.783, 0, 30182 MiB, 0 %, 16.09 W, 41
2026/09/11 16:43:28.783, 1, 18814 MiB, 100 %, 64.74 W, 39
2026/09/11 16:43:30.783, 0, 30182 MiB, 0 %, 15.96 W, 41
2026/09/11 16:43:30.783, 1, 18814 MiB, 100 %, 64.58 W, 39
2026/09/11 16:43:32.783, 0, 30182 MiB, 0 %, 15.88 W, 41
2026/09/11 16:43:32.783, 1, 18814 MiB, 100 %, 65.06 W, 39
2026/09/11 16:43:34.783, 0, 30182 MiB, 0 %, 16.33 W, 41
2026/09/11 16:43:34.784, 1, 18814 MiB, 100 %, 65.08 W, 39
2026/09/11 16:43:36.784, 0, 30182 MiB, 0 %, 15.73 W, 41
2026/09/11 16:43:36.784, 1, 18814 MiB, 100 %, 65.22 W, 39
2026/09/11 16:43:38.784, 0, 30182 MiB, 0 %, 15.84 W, 41
2026/09/11 16:43:38.784, 1, 18814 MiB, 100 %, 65.15 W, 39
2026/09/11 16:43:40.784, 0, 30182 MiB, 0 %, 15.76 W, 41
2026/09/11 16:43:40.784, 1, 18814 MiB, 100 %, 65.53 W, 39
2026/09/11 16:43:42.784, 0, 30182 MiB, 0 %, 15.81 W, 41
2026/09/11 16:43:42.784, 1, 18814 MiB, 100 %, 64.88 W, 39
2026/09/11 16:43:44.785, 0, 30182 MiB, 0 %, 15.93 W, 41
2026/09/11 16:43:44.785, 1, 18814 MiB, 100 %, 64.86 W, 39
2026/09/11 16:43:46.785, 0, 30182 MiB, 0 %, 15.89 W, 41
2026/09/11 16:43:46.785, 1, 18814 MiB, 100 %, 64.53 W, 39
2026/09/11 16:43:48.785, 0, 30182 MiB, 0 %, 15.94 W, 41
2026/09/11 16:43:48.785, 1, 18814 MiB, 100 %, 65.02 W, 39
2026/09/11 16:43:50.785, 0, 30182 MiB, 0 %, 15.58 W, 41
2026/09/11 16:43:50.785, 1, 18814 MiB, 100 %, 65.42 W, 39
2026/09/11 16:43:52.785, 0, 30182 MiB, 0 %, 15.73 W, 41
2026/09/11 16:43:52.786, 1, 18814 MiB, 100 %, 65.35 W, 39
2026/09/11 16:43:54.786, 0, 30182 MiB, 0 %, 15.94 W, 41
2026/09/11 16:43:54.786, 1, 18814 MiB, 100 %, 65.59 W, 39
2026/09/11 16:43:56.786, 0, 30182 MiB, 0 %, 15.84 W, 41
2026/09/11 16:43:56.786, 1, 18814 MiB, 100 %, 65.44 W, 39
2026/09/11 16:43:58.786, 0, 30182 MiB, 0 %, 16.03 W, 41
2026/09/11 16:43:58.786, 1, 18814 MiB, 100 %, 65.15 W, 39
2026/09/11 16:44:00.786, 0, 30182 MiB, 0 %, 16.12 W, 41
2026/09/11 16:44:00.786, 1, 18814 MiB, 100 %, 65.17 W, 39
2026/09/11 16:44:02.787, 0, 30182 MiB, 0 %, 15.78 W, 41
2026/09/11 16:44:02.787, 1, 18814 MiB, 100 %, 64.97 W, 39
2026/09/11 16:44:04.787, 0, 30182 MiB, 0 %, 16.01 W, 41
2026/09/11 16:44:04.787, 1, 18814 MiB, 100 %, 65.00 W, 39
2026/09/11 16:44:06.787, 0, 30182 MiB, 0 %, 16.02 W, 41
2026/09/11 16:44:06.787, 1, 18814 MiB, 100 %, 64.91 W, 39
2026/09/11 16:44:08.787, 0, 30182 MiB, 0 %, 15.94 W, 41
2026/09/11 16:44:08.787, 1, 18814 MiB, 100 %, 64.69 W, 39
2026/09/11 16:44:10.787, 0, 30182 MiB, 0 %, 16.03 W, 41
2026/09/11 16:44:10.787, 1, 18814 MiB, 100 %, 64.79 W, 39
2026/09/11 16:44:12.788, 0, 30182 MiB, 0 %, 16.05 W, 41
2026/09/11 16:44:12.788, 1, 18814 MiB, 100 %, 65.03 W, 39
2026/09/11 16:44:14.788, 0, 30182 MiB, 0 %, 15.91 W, 41
2026/09/11 16:44:14.788, 1, 18814 MiB, 100 %, 65.24 W, 39
2026/09/11 16:44:16.788, 0, 30182 MiB, 0 %, 16.07 W, 41
2026/09/11 16:44:16.788, 1, 18814 MiB, 100 %, 65.32 W, 39
2026/09/11 16:44:18.788, 0, 30182 MiB, 0 %, 15.83 W, 41
2026/09/11 16:44:18.788, 1, 18814 MiB, 100 %, 65.29 W, 39
2026/09/11 16:44:20.788, 0, 30182 MiB, 0 %, 15.47 W, 41
2026/09/11 16:44:20.789, 1, 18814 MiB, 100 %, 64.81 W, 39
2026/09/11 16:44:22.789, 0, 30182 MiB, 0 %, 15.66 W, 41
2026/09/11 16:44:22.789, 1, 18814 MiB, 100 %, 64.76 W, 39
2026/09/11 16:44:24.789, 0, 30182 MiB, 0 %, 15.82 W, 41
2026/09/11 16:44:24.789, 1, 18814 MiB, 100 %, 65.18 W, 39
2026/09/11 16:44:26.789, 0, 30182 MiB, 0 %, 15.74 W, 41
2026/09/11 16:44:26.789, 1, 18814 MiB, 100 %, 64.81 W, 39
2026/09/11 16:44:28.789, 0, 30182 MiB, 0 %, 15.84 W, 41
2026/09/11 16:44:28.789, 1, 18814 MiB, 100 %, 64.84 W, 39
2026/09/11 16:44:30.790, 0, 30182 MiB, 0 %, 16.08 W, 41
2026/09/11 16:44:30.790, 1, 18814 MiB, 100 %, 64.73 W, 39
2026/09/11 16:44:32.790, 0, 30182 MiB, 0 %, 15.62 W, 41
2026/09/11 16:44:32.790, 1, 18814 MiB, 100 %, 65.27 W, 39
2026/09/11 16:44:34.790, 0, 30182 MiB, 0 %, 15.89 W, 41
2026/09/11 16:44:34.790, 1, 18814 MiB, 100 %, 64.93 W, 39
2026/09/11 16:44:36.790, 0, 30182 MiB, 0 %, 16.12 W, 41
2026/09/11 16:44:36.790, 1, 18814 MiB, 100 %, 65.41 W, 39
2026/09/11 16:44:38.791, 0, 30182 MiB, 0 %, 15.85 W, 41
2026/09/11 16:44:38.791, 1, 18814 MiB, 100 %, 64.94 W, 39
2026/09/11 16:44:40.791, 0, 30182 MiB, 0 %, 15.85 W, 41
2026/09/11 16:44:40.791, 1, 18814 MiB, 100 %, 64.66 W, 39
2026/09/11 16:44:42.791, 0, 30182 MiB, 0 %, 15.78 W, 41
2026/09/11 16:44:42.791, 1, 18814 MiB, 100 %, 65.12 W, 39
2026/09/11 16:44:44.791, 0, 30182 MiB, 0 %, 16.00 W, 41
2026/09/11 16:44:44.791, 1, 18814 MiB, 100 %, 64.50 W, 39
2026/09/11 16:44:46.791, 0, 30182 MiB, 0 %, 15.85 W, 41
2026/09/11 16:44:46.791, 1, 18814 MiB, 100 %, 64.62 W, 39
2026/09/11 16:44:48.792, 0, 30182 MiB, 0 %, 15.98 W, 41
2026/09/11 16:44:48.792, 1, 18814 MiB, 100 %, 64.20 W, 39
2026/09/11 16:44:50.792, 0, 30182 MiB, 0 %, 15.91 W, 41
2026/09/11 16:44:50.792, 1, 18814 MiB, 100 %, 64.35 W, 39
2026/09/11 16:44:52.792, 0, 30182 MiB, 0 %, 15.65 W, 41
2026/09/11 16:44:52.792, 1, 18814 MiB, 100 %, 64.54 W, 39
2026/09/11 16:44:54.792, 0, 30182 MiB, 0 %, 15.71 W, 41
2026/09/11 16:44:54.792, 1, 18814 MiB, 100 %, 64.56 W, 39
2026/09/11 16:44:56.793, 0, 30182 MiB, 0 %, 15.73 W, 41
2026/09/11 16:44:56.793, 1, 18814 MiB, 100 %, 64.56 W, 39
2026/09/11 16:44:58.793, 0, 30182 MiB, 0 %, 15.96 W, 41
2026/09/11 16:44:58.793, 1, 18814 MiB, 100 %, 64.86 W, 39
2026/09/11 16:45:00.793, 0, 30182 MiB, 0 %, 16.12 W, 41
2026/09/11 16:45:00.793, 1, 18814 MiB, 100 %, 64.42 W, 39
2026/09/11 16:45:02.793, 0, 30182 MiB, 0 %, 15.94 W, 41
2026/09/11 16:45:02.793, 1, 18814 MiB, 100 %, 64.36 W, 39
2026/09/11 16:45:04.793, 0, 30182 MiB, 0 %, 15.83 W, 41
2026/09/11 16:45:04.794, 1, 18814 MiB, 100 %, 64.59 W, 39
2026/09/11 16:45:06.794, 0, 30182 MiB, 0 %, 16.12 W, 41
2026/09/11 16:45:06.794, 1, 18814 MiB, 100 %, 64.85 W, 39
2026/09/11 16:45:08.794, 0, 30182 MiB, 0 %, 16.06 W, 41
2026/09/11 16:45:08.794, 1, 18814 MiB, 100 %, 64.84 W, 39
2026/09/11 16:45:10.794, 0, 30182 MiB, 0 %, 15.74 W, 41
2026/09/11 16:45:10.794, 1, 18814 MiB, 100 %, 65.23 W, 39
2026/09/11 16:45:12.794, 0, 30182 MiB, 0 %, 15.92 W, 41
2026/09/11 16:45:12.794, 1, 18814 MiB, 100 %, 64.79 W, 39
2026/09/11 16:45:14.795, 0, 30182 MiB, 0 %, 15.87 W, 41
2026/09/11 16:45:14.795, 1, 18814 MiB, 100 %, 65.39 W, 39
2026/09/11 16:45:16.795, 0, 30182 MiB, 0 %, 15.52 W, 41
2026/09/11 16:45:16.795, 1, 18814 MiB, 100 %, 64.99 W, 39
2026/09/11 16:45:18.795, 0, 30182 MiB, 0 %, 15.23 W, 41
2026/09/11 16:45:18.795, 1, 18814 MiB, 100 %, 65.07 W, 39
2026/09/11 16:45:20.795, 0, 30182 MiB, 0 %, 15.34 W, 41
2026/09/11 16:45:20.795, 1, 18814 MiB, 100 %, 64.84 W, 39
2026/09/11 16:45:22.795, 0, 30182 MiB, 0 %, 15.65 W, 41
2026/09/11 16:45:22.796, 1, 18814 MiB, 100 %, 64.37 W, 39
2026/09/11 16:45:24.796, 0, 30182 MiB, 0 %, 15.62 W, 41
2026/09/11 16:45:24.796, 1, 18814 MiB, 100 %, 64.65 W, 39
2026/09/11 16:45:26.796, 0, 30182 MiB, 0 %, 15.61 W, 41
2026/09/11 16:45:26.796, 1, 18814 MiB, 100 %, 64.81 W, 39
2026/09/11 16:45:28.796, 0, 30182 MiB, 0 %, 15.75 W, 41
2026/09/11 16:45:28.796, 1, 18814 MiB, 100 %, 64.89 W, 39
2026/09/11 16:45:30.796, 0, 30182 MiB, 0 %, 15.60 W, 41
2026/09/11 16:45:30.796, 1, 18814 MiB, 100 %, 64.40 W, 39
2026/09/11 16:45:32.797, 0, 30182 MiB, 0 %, 16.14 W, 41
2026/09/11 16:45:32.797, 1, 18814 MiB, 100 %, 64.55 W, 39
2026/09/11 16:45:34.797, 0, 30182 MiB, 0 %, 15.87 W, 41
2026/09/11 16:45:34.797, 1, 18814 MiB, 100 %, 64.57 W, 39
2026/09/11 16:45:36.797, 0, 30182 MiB, 0 %, 15.92 W, 41
2026/09/11 16:45:36.797, 1, 18814 MiB, 100 %, 64.52 W, 39
2026/09/11 16:45:38.797, 0, 30182 MiB, 0 %, 15.87 W, 41
2026/09/11 16:45:38.797, 1, 18814 MiB, 100 %, 64.72 W, 39
2026/09/11 16:45:40.797, 0, 30182 MiB, 0 %, 15.88 W, 41
2026/09/11 16:45:40.798, 1, 18814 MiB, 100 %, 65.06 W, 39
2026/09/11 16:45:42.798, 0, 30182 MiB, 0 %, 15.75 W, 41
2026/09/11 16:45:42.798, 1, 18814 MiB, 100 %, 64.76 W, 39
2026/09/11 16:45:44.798, 0, 30182 MiB, 0 %, 15.78 W, 41
2026/09/11 16:45:44.798, 1, 18814 MiB, 100 %, 65.11 W, 39
2026/09/11 16:45:46.798, 0, 30182 MiB, 0 %, 15.46 W, 41
2026/09/11 16:45:46.798, 1, 18814 MiB, 100 %, 64.70 W, 39
2026/09/11 16:45:48.798, 0, 30182 MiB, 0 %, 15.58 W, 41
2026/09/11 16:45:48.798, 1, 18814 MiB, 100 %, 64.77 W, 39
2026/09/11 16:45:50.799, 0, 30182 MiB, 0 %, 15.63 W, 41
2026/09/11 16:45:50.799, 1, 18814 MiB, 100 %, 64.48 W, 39
2026/09/11 16:45:52.799, 0, 30182 MiB, 0 %, 15.82 W, 41
2026/09/11 16:45:52.799, 1, 18814 MiB, 100 %, 64.95 W, 39
2026/09/11 16:45:54.799, 0, 30182 MiB, 0 %, 15.77 W, 41
2026/09/11 16:45:54.799, 1, 18814 MiB, 100 %, 64.94 W, 39
2026/09/11 16:45:56.799, 0, 30182 MiB, 0 %, 15.69 W, 41
2026/09/11 16:45:56.799, 1, 18814 MiB, 100 %, 64.98 W, 39
2026/09/11 16:45:58.799, 0, 30182 MiB, 0 %, 15.84 W, 41
2026/09/11 16:45:58.799, 1, 18814 MiB, 100 %, 65.30 W, 39
2026/09/11 16:46:00.800, 0, 30182 MiB, 0 %, 16.05 W, 41
2026/09/11 16:46:00.800, 1, 18814 MiB, 100 %, 65.43 W, 39
2026/09/11 16:46:02.800, 0, 30182 MiB, 0 %, 16.01 W, 41
2026/09/11 16:46:02.800, 1, 18814 MiB, 100 %, 65.06 W, 39
2026/09/11 16:46:04.800, 0, 30182 MiB, 0 %, 16.17 W, 41
2026/09/11 16:46:04.800, 1, 18814 MiB, 100 %, 65.38 W, 39
2026/09/11 16:46:06.800, 0, 30182 MiB, 0 %, 15.70 W, 41
2026/09/11 16:46:06.800, 1, 18814 MiB, 100 %, 65.28 W, 39
2026/09/11 16:46:08.801, 0, 30182 MiB, 0 %, 15.82 W, 41
2026/09/11 16:46:08.801, 1, 18814 MiB, 100 %, 64.88 W, 39
2026/09/11 16:46:10.801, 0, 30182 MiB, 0 %, 15.94 W, 41
2026/09/11 16:46:10.801, 1, 18814 MiB, 100 %, 65.01 W, 39
2026/09/11 16:46:12.801, 0, 30182 MiB, 0 %, 16.00 W, 41
2026/09/11 16:46:12.801, 1, 18814 MiB, 100 %, 65.24 W, 39
2026/09/11 16:46:14.801, 0, 30182 MiB, 0 %, 15.97 W, 41
2026/09/11 16:46:14.801, 1, 18814 MiB, 100 %, 64.82 W, 39
2026/09/11 16:46:16.801, 0, 30182 MiB, 0 %, 15.62 W, 41
2026/09/11 16:46:16.802, 1, 18814 MiB, 100 %, 64.87 W, 39
2026/09/11 16:46:18.802, 0, 30182 MiB, 0 %, 15.83 W, 41
2026/09/11 16:46:18.802, 1, 18814 MiB, 100 %, 64.64 W, 39
2026/09/11 16:46:20.802, 0, 30182 MiB, 0 %, 16.01 W, 41
2026/09/11 16:46:20.802, 1, 18814 MiB, 100 %, 64.51 W, 39
2026/09/11 16:46:22.802, 0, 30182 MiB, 0 %, 16.20 W, 41
2026/09/11 16:46:22.802, 1, 18814 MiB, 100 %, 64.90 W, 39
2026/09/11 16:46:24.802, 0, 30182 MiB, 0 %, 16.00 W, 41
2026/09/11 16:46:24.802, 1, 18814 MiB, 100 %, 65.11 W, 39
2026/09/11 16:46:26.803, 0, 30182 MiB, 0 %, 16.02 W, 41
2026/09/11 16:46:26.803, 1, 18814 MiB, 100 %, 65.23 W, 39
2026/09/11 16:46:28.803, 0, 30182 MiB, 0 %, 16.17 W, 41
2026/09/11 16:46:28.803, 1, 18814 MiB, 100 %, 64.75 W, 39
2026/09/11 16:46:30.803, 0, 30182 MiB, 0 %, 16.34 W, 41
2026/09/11 16:46:30.803, 1, 18814 MiB, 100 %, 64.58 W, 39
2026/09/11 16:46:32.803, 0, 30182 MiB, 0 %, 15.85 W, 41
2026/09/11 16:46:32.803, 1, 18814 MiB, 100 %, 64.45 W, 39
2026/09/11 16:46:34.803, 0, 30182 MiB, 0 %, 16.20 W, 41
2026/09/11 16:46:34.804, 1, 18814 MiB, 100 %, 64.08 W, 39
2026/09/11 16:46:36.804, 0, 30182 MiB, 0 %, 15.99 W, 41
2026/09/11 16:46:36.804, 1, 18814 MiB, 100 %, 64.76 W, 39
2026/09/11 16:46:38.804, 0, 30182 MiB, 0 %, 15.78 W, 41
2026/09/11 16:46:38.804, 1, 18814 MiB, 100 %, 64.69 W, 39
2026/09/11 16:46:40.804, 0, 30182 MiB, 0 %, 15.56 W, 41
2026/09/11 16:46:40.804, 1, 18814 MiB, 100 %, 64.58 W, 39
2026/09/11 16:46:42.804, 0, 30182 MiB, 0 %, 15.56 W, 41
2026/09/11 16:46:42.804, 1, 18814 MiB, 100 %, 64.91 W, 39
2026/09/11 16:46:44.805, 0, 30182 MiB, 0 %, 15.70 W, 41
2026/09/11 16:46:44.805, 1, 18814 MiB, 100 %, 64.88 W, 39
2026/09/11 16:46:46.805, 0, 30182 MiB, 0 %, 16.02 W, 41
2026/09/11 16:46:46.805, 1, 18814 MiB, 100 %, 64.99 W, 39
2026/09/11 16:46:48.805, 0, 30182 MiB, 0 %, 15.44 W, 41
2026/09/11 16:46:48.805, 1, 18814 MiB, 100 %, 65.36 W, 39
2026/09/11 16:46:50.805, 0, 30182 MiB, 0 %, 15.68 W, 41
2026/09/11 16:46:50.805, 1, 18814 MiB, 100 %, 65.46 W, 39
2026/09/11 16:46:52.805, 0, 30182 MiB, 0 %, 15.80 W, 41
2026/09/11 16:46:52.806, 1, 18814 MiB, 100 %, 65.19 W, 39
2026/09/11 16:46:54.806, 0, 30182 MiB, 0 %, 15.60 W, 41
2026/09/11 16:46:54.806, 1, 18814 MiB, 100 %, 65.17 W, 39
2026/09/11 16:46:56.806, 0, 30182 MiB, 0 %, 15.57 W, 41
2026/09/11 16:46:56.806, 1, 18814 MiB, 100 %, 64.61 W, 39
2026/09/11 16:46:58.806, 0, 30182 MiB, 0 %, 15.63 W, 41
2026/09/11 16:46:58.806, 1, 18814 MiB, 100 %, 64.43 W, 39
2026/09/11 16:47:00.806, 0, 30182 MiB, 0 %, 15.36 W, 41
2026/09/11 16:47:00.806, 1, 18814 MiB, 100 %, 64.57 W, 39
2026/09/11 16:47:02.807, 0, 30182 MiB, 0 %, 15.79 W, 41
2026/09/11 16:47:02.807, 1, 18814 MiB, 100 %, 64.54 W, 39
2026/09/11 16:47:04.807, 0, 30182 MiB, 0 %, 15.94 W, 41
2026/09/11 16:47:04.807, 1, 18814 MiB, 100 %, 64.99 W, 39
2026/09/11 16:47:06.807, 0, 30182 MiB, 0 %, 16.04 W, 41
2026/09/11 16:47:06.807, 1, 18814 MiB, 100 %, 65.18 W, 39
2026/09/11 16:47:08.807, 0, 30182 MiB, 0 %, 16.20 W, 41
2026/09/11 16:47:08.807, 1, 18814 MiB, 100 %, 65.45 W, 39
2026/09/11 16:47:10.807, 0, 30182 MiB, 0 %, 15.99 W, 41
2026/09/11 16:47:10.808, 1, 18814 MiB, 100 %, 65.05 W, 39
2026/09/11 16:47:12.808, 0, 30182 MiB, 0 %, 16.14 W, 41
2026/09/11 16:47:12.808, 1, 18814 MiB, 100 %, 65.78 W, 39
2026/09/11 16:47:14.808, 0, 30182 MiB, 0 %, 16.08 W, 41
2026/09/11 16:47:14.808, 1, 18814 MiB, 100 %, 65.03 W, 39
2026/09/11 16:47:16.808, 0, 30182 MiB, 0 %, 16.24 W, 41
2026/09/11 16:47:16.808, 1, 18814 MiB, 100 %, 65.12 W, 39
2026/09/11 16:47:18.808, 0, 30182 MiB, 0 %, 15.95 W, 41
2026/09/11 16:47:18.808, 1, 18814 MiB, 100 %, 65.28 W, 39
2026/09/11 16:47:20.809, 0, 30182 MiB, 0 %, 15.92 W, 41
2026/09/11 16:47:20.809, 1, 18814 MiB, 100 %, 65.04 W, 39
2026/09/11 16:47:22.809, 0, 30182 MiB, 0 %, 15.86 W, 41
2026/09/11 16:47:22.809, 1, 18814 MiB, 100 %, 65.54 W, 39
2026/09/11 16:47:24.809, 0, 30182 MiB, 0 %, 15.77 W, 41
2026/09/11 16:47:24.809, 1, 18814 MiB, 100 %, 65.29 W, 39
2026/09/11 16:47:26.809, 0, 30182 MiB, 0 %, 15.59 W, 41
2026/09/11 16:47:26.809, 1, 18814 MiB, 100 %, 65.57 W, 39
2026/09/11 16:47:28.809, 0, 30182 MiB, 0 %, 15.82 W, 41
2026/09/11 16:47:28.809, 1, 18814 MiB, 100 %, 65.88 W, 39
2026/09/11 16:47:30.810, 0, 30182 MiB, 0 %, 15.90 W, 41
2026/09/11 16:47:30.810, 1, 18814 MiB, 100 %, 65.37 W, 39
2026/09/11 16:47:32.810, 0, 30182 MiB, 0 %, 16.02 W, 41
2026/09/11 16:47:32.810, 1, 18814 MiB, 100 %, 65.42 W, 39
2026/09/11 16:47:34.810, 0, 30182 MiB, 0 %, 15.90 W, 41
2026/09/11 16:47:34.810, 1, 18814 MiB, 100 %, 65.16 W, 39
2026/09/11 16:47:36.810, 0, 30182 MiB, 0 %, 16.05 W, 41
2026/09/11 16:47:36.810, 1, 18814 MiB, 100 %, 65.05 W, 39
2026/09/11 16:47:38.810, 0, 30182 MiB, 0 %, 15.96 W, 41
2026/09/11 16:47:38.810, 1, 18814 MiB, 100 %, 65.59 W, 39
2026/09/11 16:47:40.811, 0, 30182 MiB, 0 %, 16.27 W, 41
2026/09/11 16:47:40.811, 1, 18814 MiB, 100 %, 65.02 W, 39
2026/09/11 16:47:42.811, 0, 30182 MiB, 0 %, 16.21 W, 41
2026/09/11 16:47:42.811, 1, 18814 MiB, 100 %, 65.52 W, 39
2026/09/11 16:47:44.811, 0, 30182 MiB, 0 %, 16.18 W, 41
2026/09/11 16:47:44.811, 1, 18814 MiB, 100 %, 65.35 W, 39
2026/09/11 16:47:46.811, 0, 30182 MiB, 0 %, 16.22 W, 41
2026/09/11 16:47:46.811, 1, 18814 MiB, 100 %, 65.39 W, 39
2026/09/11 16:47:48.812, 0, 30182 MiB, 0 %, 15.72 W, 41
2026/09/11 16:47:48.812, 1, 18814 MiB, 100 %, 65.45 W, 39
2026/09/11 16:47:50.812, 0, 30182 MiB, 0 %, 15.63 W, 41
2026/09/11 16:47:50.812, 1, 18814 MiB, 100 %, 65.35 W, 39
2026/09/11 16:47:52.812, 0, 30182 MiB, 0 %, 15.92 W, 41
2026/09/11 16:47:52.812, 1, 18814 MiB, 100 %, 65.41 W, 39
2026/09/11 16:47:54.812, 0, 30182 MiB, 0 %, 15.70 W, 41
2026/09/11 16:47:54.812, 1, 18814 MiB, 100 %, 65.54 W, 39
2026/09/11 16:47:56.812, 0, 30182 MiB, 0 %, 16.15 W, 41
2026/09/11 16:47:56.813, 1, 18814 MiB, 100 %, 65.45 W, 39
2026/09/11 16:47:58.813, 0, 30182 MiB, 0 %, 16.11 W, 41
2026/09/11 16:47:58.813, 1, 18814 MiB, 100 %, 65.66 W, 39
2026/09/11 16:48:00.813, 0, 30182 MiB, 0 %, 16.17 W, 41
2026/09/11 16:48:00.813, 1, 18814 MiB, 100 %, 65.62 W, 39
2026/09/11 16:48:02.813, 0, 30182 MiB, 0 %, 15.53 W, 41
2026/09/11 16:48:02.813, 1, 18814 MiB, 100 %, 65.28 W, 39
2026/09/11 16:48:04.813, 0, 30182 MiB, 0 %, 15.91 W, 41
2026/09/11 16:48:04.813, 1, 18814 MiB, 100 %, 65.42 W, 39
2026/09/11 16:48:06.814, 0, 30182 MiB, 0 %, 16.04 W, 41
2026/09/11 16:48:06.814, 1, 18814 MiB, 100 %, 65.53 W, 39
2026/09/11 16:48:08.814, 0, 30182 MiB, 0 %, 16.07 W, 41
2026/09/11 16:48:08.814, 1, 18814 MiB, 100 %, 65.46 W, 39
2026/09/11 16:48:10.814, 0, 30182 MiB, 0 %, 15.81 W, 41
2026/09/11 16:48:10.814, 1, 18814 MiB, 100 %, 65.78 W, 39
2026/09/11 16:48:12.814, 0, 30182 MiB, 0 %, 15.78 W, 41
2026/09/11 16:48:12.814, 1, 18814 MiB, 100 %, 65.74 W, 39
2026/09/11 16:48:14.814, 0, 30182 MiB, 0 %, 15.92 W, 41
2026/09/11 16:48:14.815, 1, 18814 MiB, 100 %, 65.33 W, 39
2026/09/11 16:48:16.815, 0, 30182 MiB, 0 %, 15.72 W, 41
2026/09/11 16:48:16.815, 1, 18814 MiB, 100 %, 65.56 W, 39
2026/09/11 16:48:18.815, 0, 30182 MiB, 0 %, 15.77 W, 41
2026/09/11 16:48:18.815, 1, 18814 MiB, 100 %, 66.13 W, 39
2026/09/11 16:48:20.815, 0, 30182 MiB, 0 %, 15.80 W, 41
2026/09/11 16:48:20.815, 1, 18814 MiB, 100 %, 65.42 W, 39
2026/09/11 16:48:22.815, 0, 30182 MiB, 0 %, 15.88 W, 40
2026/09/11 16:48:22.815, 1, 18814 MiB, 100 %, 65.63 W, 39
2026/09/11 16:48:24.816, 0, 30182 MiB, 0 %, 15.74 W, 41
2026/09/11 16:48:24.816, 1, 18814 MiB, 100 %, 65.84 W, 39
2026/09/11 16:48:26.816, 0, 30182 MiB, 0 %, 15.56 W, 41
2026/09/11 16:48:26.816, 1, 18814 MiB, 100 %, 65.17 W, 39
2026/09/11 16:48:28.816, 0, 30182 MiB, 0 %, 15.78 W, 41
2026/09/11 16:48:28.816, 1, 18814 MiB, 100 %, 65.49 W, 39
2026/09/11 16:48:30.816, 0, 30182 MiB, 0 %, 15.55 W, 41
2026/09/11 16:48:30.816, 1, 18814 MiB, 100 %, 65.01 W, 39
2026/09/11 16:48:32.816, 0, 30182 MiB, 0 %, 15.63 W, 41
2026/09/11 16:48:32.816, 1, 18814 MiB, 100 %, 65.31 W, 39
2026/09/11 16:48:34.817, 0, 30182 MiB, 0 %, 15.98 W, 41
2026/09/11 16:48:34.817, 1, 18814 MiB, 100 %, 65.42 W, 39
2026/09/11 16:48:36.817, 0, 30182 MiB, 0 %, 16.18 W, 41
2026/09/11 16:48:36.817, 1, 18814 MiB, 100 %, 66.02 W, 39
2026/09/11 16:48:38.817, 0, 30182 MiB, 0 %, 15.51 W, 41
2026/09/11 16:48:38.817, 1, 18814 MiB, 100 %, 65.57 W, 39
2026/09/11 16:48:40.817, 0, 30182 MiB, 0 %, 15.78 W, 41
2026/09/11 16:48:40.817, 1, 18814 MiB, 100 %, 65.34 W, 39
2026/09/11 16:48:42.817, 0, 30182 MiB, 0 %, 15.56 W, 41
2026/09/11 16:48:42.818, 1, 18814 MiB, 100 %, 65.59 W, 39
2026/09/11 16:48:44.818, 0, 30182 MiB, 0 %, 15.86 W, 41
2026/09/11 16:48:44.818, 1, 18814 MiB, 100 %, 65.93 W, 39
2026/09/11 16:48:46.818, 0, 30182 MiB, 0 %, 15.62 W, 41
2026/09/11 16:48:46.818, 1, 18814 MiB, 100 %, 65.88 W, 39
2026/09/11 16:48:48.818, 0, 30182 MiB, 0 %, 15.66 W, 41
2026/09/11 16:48:48.818, 1, 18814 MiB, 100 %, 65.82 W, 39
2026/09/11 16:48:50.818, 0, 30182 MiB, 0 %, 15.63 W, 41
2026/09/11 16:48:50.818, 1, 18814 MiB, 100 %, 65.41 W, 39
2026/09/11 16:48:52.819, 0, 30182 MiB, 0 %, 15.44 W, 41
2026/09/11 16:48:52.819, 1, 18814 MiB, 100 %, 65.32 W, 39
2026/09/11 16:48:54.819, 0, 30182 MiB, 0 %, 15.43 W, 41
2026/09/11 16:48:54.819, 1, 18814 MiB, 100 %, 65.12 W, 39
2026/09/11 16:48:56.819, 0, 30182 MiB, 0 %, 15.81 W, 41
2026/09/11 16:48:56.819, 1, 18814 MiB, 100 %, 64.90 W, 39
2026/09/11 16:48:58.819, 0, 30182 MiB, 0 %, 15.68 W, 41
2026/09/11 16:48:58.819, 1, 18814 MiB, 100 %, 65.00 W, 39
2026/09/11 16:49:00.819, 0, 30182 MiB, 0 %, 15.87 W, 40
2026/09/11 16:49:00.819, 1, 18814 MiB, 100 %, 65.53 W, 39
2026/09/11 16:49:02.820, 0, 30182 MiB, 0 %, 15.83 W, 40
2026/09/11 16:49:02.820, 1, 18814 MiB, 100 %, 65.72 W, 39
2026/09/11 16:49:04.820, 0, 30182 MiB, 0 %, 15.91 W, 40
2026/09/11 16:49:04.820, 1, 18814 MiB, 100 %, 65.39 W, 39
2026/09/11 16:49:06.820, 0, 30182 MiB, 0 %, 15.76 W, 40
2026/09/11 16:49:06.820, 1, 18814 MiB, 100 %, 65.57 W, 39
2026/09/11 16:49:08.820, 0, 30182 MiB, 0 %, 15.96 W, 40
2026/09/11 16:49:08.820, 1, 18814 MiB, 100 %, 65.79 W, 39
2026/09/11 16:49:10.820, 0, 30182 MiB, 0 %, 16.31 W, 40
2026/09/11 16:49:10.820, 1, 18814 MiB, 100 %, 65.53 W, 39
2026/09/11 16:49:12.821, 0, 30182 MiB, 0 %, 16.39 W, 40
2026/09/11 16:49:12.821, 1, 18814 MiB, 100 %, 65.10 W, 39
2026/09/11 16:49:14.821, 0, 30182 MiB, 0 %, 16.33 W, 40
2026/09/11 16:49:14.821, 1, 18814 MiB, 100 %, 65.26 W, 39
2026/09/11 16:49:16.821, 0, 30182 MiB, 0 %, 16.07 W, 40
2026/09/11 16:49:16.821, 1, 18814 MiB, 100 %, 64.85 W, 39
2026/09/11 16:49:18.821, 0, 30182 MiB, 0 %, 16.26 W, 40
2026/09/11 16:49:18.821, 1, 18814 MiB, 100 %, 64.96 W, 39
2026/09/11 16:49:20.821, 0, 30182 MiB, 0 %, 16.35 W, 40
2026/09/11 16:49:20.822, 1, 18814 MiB, 100 %, 65.10 W, 39
2026/09/11 16:49:22.822, 0, 30182 MiB, 0 %, 15.99 W, 40
2026/09/11 16:49:22.822, 1, 18814 MiB, 100 %, 65.05 W, 39
2026/09/11 16:49:24.822, 0, 30182 MiB, 0 %, 16.17 W, 40
2026/09/11 16:49:24.822, 1, 18814 MiB, 100 %, 65.07 W, 39
2026/09/11 16:49:26.822, 0, 30182 MiB, 0 %, 15.79 W, 40
2026/09/11 16:49:26.822, 1, 18814 MiB, 100 %, 65.16 W, 39
2026/09/11 16:49:28.822, 0, 30182 MiB, 0 %, 15.63 W, 40
2026/09/11 16:49:28.822, 1, 18814 MiB, 100 %, 65.18 W, 39
2026/09/11 16:49:30.822, 0, 30182 MiB, 0 %, 15.65 W, 40
2026/09/11 16:49:30.823, 1, 18814 MiB, 100 %, 65.24 W, 39
2026/09/11 16:49:32.823, 0, 30182 MiB, 0 %, 15.71 W, 40
2026/09/11 16:49:32.823, 1, 18814 MiB, 100 %, 65.06 W, 39
2026/09/11 16:49:34.823, 0, 30182 MiB, 0 %, 15.89 W, 40
2026/09/11 16:49:34.823, 1, 18814 MiB, 100 %, 64.61 W, 39
2026/09/11 16:49:36.823, 0, 30182 MiB, 0 %, 15.87 W, 40
2026/09/11 16:49:36.823, 1, 18814 MiB, 100 %, 65.03 W, 39
2026/09/11 16:49:38.823, 0, 30182 MiB, 0 %, 16.11 W, 40
2026/09/11 16:49:38.823, 1, 18814 MiB, 100 %, 65.02 W, 39
2026/09/11 16:49:40.823, 0, 30182 MiB, 0 %, 15.73 W, 40
2026/09/11 16:49:40.824, 1, 18814 MiB, 100 %, 64.97 W, 39
2026/09/11 16:49:42.824, 0, 30182 MiB, 0 %, 16.07 W, 40
2026/09/11 16:49:42.824, 1, 18814 MiB, 100 %, 64.96 W, 39
2026/09/11 16:49:44.824, 0, 30182 MiB, 0 %, 15.89 W, 40
2026/09/11 16:49:44.824, 1, 18814 MiB, 100 %, 65.07 W, 39
2026/09/11 16:49:46.824, 0, 30182 MiB, 0 %, 15.86 W, 40
2026/09/11 16:49:46.824, 1, 18814 MiB, 100 %, 65.18 W, 39
2026/09/11 16:49:48.824, 0, 30182 MiB, 0 %, 15.81 W, 40
2026/09/11 16:49:48.824, 1, 18814 MiB, 100 %, 65.06 W, 39
2026/09/11 16:49:50.824, 0, 30182 MiB, 0 %, 15.98 W, 40
2026/09/11 16:49:50.825, 1, 18814 MiB, 100 %, 65.44 W, 39
2026/09/11 16:49:52.825, 0, 30182 MiB, 0 %, 16.18 W, 40
2026/09/11 16:49:52.825, 1, 18814 MiB, 100 %, 65.27 W, 39
2026/09/11 16:49:54.825, 0, 30182 MiB, 0 %, 16.64 W, 40
2026/09/11 16:49:54.825, 1, 18814 MiB, 100 %, 65.65 W, 39
2026/09/11 16:49:56.825, 0, 30182 MiB, 0 %, 16.40 W, 40
2026/09/11 16:49:56.825, 1, 18814 MiB, 100 %, 65.60 W, 39
2026/09/11 16:49:58.825, 0, 30182 MiB, 0 %, 16.20 W, 40
2026/09/11 16:49:58.825, 1, 18814 MiB, 100 %, 65.35 W, 39
2026/09/11 16:50:00.825, 0, 30182 MiB, 0 %, 16.10 W, 40
2026/09/11 16:50:00.825, 1, 18814 MiB, 100 %, 65.77 W, 39
2026/09/11 16:50:02.826, 0, 30182 MiB, 0 %, 16.16 W, 40
2026/09/11 16:50:02.826, 1, 18814 MiB, 100 %, 65.62 W, 39
2026/09/11 16:50:04.826, 0, 30182 MiB, 0 %, 16.16 W, 40
2026/09/11 16:50:04.826, 1, 18814 MiB, 100 %, 64.84 W, 39
2026/09/11 16:50:06.826, 0, 30182 MiB, 0 %, 15.78 W, 40
2026/09/11 16:50:06.826, 1, 18814 MiB, 100 %, 64.47 W, 39
2026/09/11 16:50:08.826, 0, 30182 MiB, 0 %, 15.62 W, 40
2026/09/11 16:50:08.826, 1, 18814 MiB, 100 %, 64.53 W, 39
2026/09/11 16:50:10.827, 0, 30182 MiB, 0 %, 15.92 W, 40
2026/09/11 16:50:10.827, 1, 18814 MiB, 100 %, 64.60 W, 39
2026/09/11 16:50:12.827, 0, 30182 MiB, 0 %, 15.70 W, 40
2026/09/11 16:50:12.827, 1, 18814 MiB, 100 %, 64.65 W, 39
2026/09/11 16:50:14.827, 0, 30182 MiB, 0 %, 15.60 W, 40
2026/09/11 16:50:14.827, 1, 18814 MiB, 100 %, 64.44 W, 39
2026/09/11 16:50:16.827, 0, 30182 MiB, 0 %, 15.80 W, 40
2026/09/11 16:50:16.827, 1, 18814 MiB, 100 %, 65.00 W, 39
2026/09/11 16:50:18.827, 0, 30182 MiB, 0 %, 15.60 W, 40
2026/09/11 16:50:18.828, 1, 18814 MiB, 100 %, 64.98 W, 39
2026/09/11 16:50:20.828, 0, 30182 MiB, 0 %, 15.78 W, 40
2026/09/11 16:50:20.828, 1, 18814 MiB, 100 %, 65.13 W, 39
2026/09/11 16:50:22.828, 0, 30182 MiB, 0 %, 15.44 W, 40
2026/09/11 16:50:22.828, 1, 18814 MiB, 100 %, 64.75 W, 39
2026/09/11 16:50:24.828, 0, 30182 MiB, 0 %, 15.52 W, 40
2026/09/11 16:50:24.829, 1, 18814 MiB, 100 %, 65.14 W, 39
2026/09/11 16:50:26.829, 0, 30182 MiB, 0 %, 15.58 W, 40
2026/09/11 16:50:26.829, 1, 18814 MiB, 100 %, 65.07 W, 39
2026/09/11 16:50:28.829, 0, 30182 MiB, 0 %, 15.54 W, 40
2026/09/11 16:50:28.829, 1, 18814 MiB, 100 %, 65.10 W, 39
2026/09/11 16:50:30.829, 0, 30182 MiB, 0 %, 15.44 W, 40
2026/09/11 16:50:30.829, 1, 18814 MiB, 100 %, 64.88 W, 39
2026/09/11 16:50:32.831, 0, 30182 MiB, 0 %, 15.44 W, 40
2026/09/11 16:50:32.831, 1, 18814 MiB, 100 %, 64.93 W, 39
2026/09/11 16:50:34.831, 0, 30182 MiB, 0 %, 15.80 W, 40
2026/09/11 16:50:34.832, 1, 18814 MiB, 100 %, 65.39 W, 39
2026/09/11 16:50:36.832, 0, 30182 MiB, 0 %, 15.18 W, 40
2026/09/11 16:50:36.832, 1, 18814 MiB, 100 %, 65.07 W, 39
2026/09/11 16:50:38.832, 0, 30182 MiB, 0 %, 15.09 W, 40
2026/09/11 16:50:38.832, 1, 18814 MiB, 100 %, 65.10 W, 39
2026/09/11 16:50:40.832, 0, 30182 MiB, 0 %, 15.65 W, 40
2026/09/11 16:50:40.832, 1, 18814 MiB, 100 %, 65.19 W, 39
2026/09/11 16:50:42.832, 0, 30182 MiB, 0 %, 15.40 W, 40
2026/09/11 16:50:42.832, 1, 18814 MiB, 100 %, 65.34 W, 39
2026/09/11 16:50:44.833, 0, 30182 MiB, 0 %, 15.87 W, 40
2026/09/11 16:50:44.833, 1, 18814 MiB, 100 %, 65.36 W, 39
2026/09/11 16:50:46.833, 0, 30182 MiB, 0 %, 15.65 W, 40
2026/09/11 16:50:46.833, 1, 18814 MiB, 100 %, 65.35 W, 39
2026/09/11 16:50:48.833, 0, 30182 MiB, 0 %, 15.82 W, 40
2026/09/11 16:50:48.833, 1, 18814 MiB, 100 %, 65.20 W, 39
2026/09/11 16:50:50.833, 0, 30182 MiB, 0 %, 15.85 W, 40
2026/09/11 16:50:50.833, 1, 18814 MiB, 100 %, 64.98 W, 39
2026/09/11 16:50:52.833, 0, 30182 MiB, 0 %, 16.00 W, 40
2026/09/11 16:50:52.834, 1, 18814 MiB, 100 %, 64.94 W, 39
2026/09/11 16:50:54.834, 0, 30182 MiB, 0 %, 16.41 W, 40
2026/09/11 16:50:54.834, 1, 18814 MiB, 100 %, 65.06 W, 39
2026/09/11 16:50:56.834, 0, 30182 MiB, 0 %, 16.08 W, 40
2026/09/11 16:50:56.834, 1, 18814 MiB, 100 %, 64.94 W, 39
2026/09/11 16:50:58.834, 0, 30182 MiB, 0 %, 15.30 W, 40
2026/09/11 16:50:58.834, 1, 18814 MiB, 100 %, 64.98 W, 39
2026/09/11 16:51:00.834, 0, 30182 MiB, 0 %, 15.49 W, 40
2026/09/11 16:51:00.834, 1, 18814 MiB, 100 %, 65.03 W, 39
2026/09/11 16:51:02.835, 0, 30182 MiB, 0 %, 15.36 W, 40
2026/09/11 16:51:02.835, 1, 18814 MiB, 100 %, 64.64 W, 39
2026/09/11 16:51:04.835, 0, 30182 MiB, 0 %, 15.41 W, 40
2026/09/11 16:51:04.835, 1, 18814 MiB, 100 %, 64.60 W, 39
2026/09/11 16:51:06.835, 0, 30182 MiB, 0 %, 15.62 W, 40
2026/09/11 16:51:06.835, 1, 18814 MiB, 100 %, 65.20 W, 39
2026/09/11 16:51:08.835, 0, 30182 MiB, 0 %, 16.04 W, 40
2026/09/11 16:51:08.835, 1, 18814 MiB, 100 %, 65.02 W, 39
2026/09/11 16:51:10.835, 0, 30182 MiB, 0 %, 15.82 W, 40
2026/09/11 16:51:10.835, 1, 18814 MiB, 100 %, 64.85 W, 39
2026/09/11 16:51:12.836, 0, 30182 MiB, 0 %, 15.68 W, 40
2026/09/11 16:51:12.836, 1, 18814 MiB, 100 %, 65.12 W, 39
2026/09/11 16:51:14.836, 0, 30182 MiB, 0 %, 15.45 W, 40
2026/09/11 16:51:14.836, 1, 18814 MiB, 100 %, 65.18 W, 39
2026/09/11 16:51:16.836, 0, 30182 MiB, 0 %, 15.54 W, 40
2026/09/11 16:51:16.836, 1, 18814 MiB, 100 %, 65.21 W, 39
2026/09/11 16:51:18.836, 0, 30182 MiB, 0 %, 15.76 W, 40
2026/09/11 16:51:18.836, 1, 18814 MiB, 100 %, 64.67 W, 39
2026/09/11 16:51:20.836, 0, 30182 MiB, 0 %, 15.81 W, 40
2026/09/11 16:51:20.837, 1, 18814 MiB, 100 %, 64.77 W, 39
2026/09/11 16:51:22.837, 0, 30182 MiB, 0 %, 15.66 W, 40
2026/09/11 16:51:22.837, 1, 18814 MiB, 100 %, 64.88 W, 39
2026/09/11 16:51:24.837, 0, 30182 MiB, 0 %, 15.58 W, 40
2026/09/11 16:51:24.837, 1, 18814 MiB, 100 %, 65.22 W, 39
2026/09/11 16:51:26.837, 0, 30182 MiB, 0 %, 15.48 W, 40
2026/09/11 16:51:26.837, 1, 18814 MiB, 100 %, 64.76 W, 39
2026/09/11 16:51:28.837, 0, 30182 MiB, 0 %, 15.40 W, 40
2026/09/11 16:51:28.837, 1, 18814 MiB, 100 %, 64.49 W, 39
2026/09/11 16:51:30.837, 0, 30182 MiB, 0 %, 15.70 W, 40
2026/09/11 16:51:30.838, 1, 18814 MiB, 100 %, 64.77 W, 39
2026/09/11 16:51:32.838, 0, 30182 MiB, 0 %, 15.40 W, 40
2026/09/11 16:51:32.838, 1, 18814 MiB, 100 %, 65.07 W, 39
2026/09/11 16:51:34.838, 0, 30182 MiB, 0 %, 15.60 W, 40
2026/09/11 16:51:34.838, 1, 18814 MiB, 100 %, 64.72 W, 39
2026/09/11 16:51:36.838, 0, 30182 MiB, 0 %, 15.60 W, 40
2026/09/11 16:51:36.838, 1, 18814 MiB, 100 %, 65.00 W, 39
2026/09/11 16:51:38.838, 0, 30182 MiB, 0 %, 15.86 W, 40
2026/09/11 16:51:38.838, 1, 18814 MiB, 100 %, 65.08 W, 39
2026/09/11 16:51:40.839, 0, 30182 MiB, 0 %, 15.52 W, 40
2026/09/11 16:51:40.839, 1, 18814 MiB, 100 %, 65.09 W, 39
2026/09/11 16:51:42.839, 0, 30182 MiB, 0 %, 15.40 W, 40
2026/09/11 16:51:42.839, 1, 18814 MiB, 100 %, 65.18 W, 39
2026/09/11 16:51:44.839, 0, 30182 MiB, 0 %, 15.53 W, 40
2026/09/11 16:51:44.839, 1, 18814 MiB, 100 %, 64.76 W, 39
2026/09/11 16:51:46.839, 0, 30182 MiB, 0 %, 15.28 W, 40
2026/09/11 16:51:46.839, 1, 18814 MiB, 100 %, 64.60 W, 39
2026/09/11 16:51:48.839, 0, 30182 MiB, 0 %, 15.64 W, 40
2026/09/11 16:51:48.839, 1, 18814 MiB, 100 %, 65.18 W, 39
2026/09/11 16:51:50.840, 0, 30182 MiB, 0 %, 15.56 W, 40
2026/09/11 16:51:50.840, 1, 18814 MiB, 100 %, 64.63 W, 39
2026/09/11 16:51:52.840, 0, 30182 MiB, 0 %, 15.84 W, 40
2026/09/11 16:51:52.840, 1, 18814 MiB, 100 %, 64.65 W, 39
2026/09/11 16:51:54.840, 0, 30182 MiB, 0 %, 15.92 W, 40
2026/09/11 16:51:54.840, 1, 18814 MiB, 100 %, 65.23 W, 39
2026/09/11 16:51:56.840, 0, 30182 MiB, 0 %, 15.69 W, 40
2026/09/11 16:51:56.840, 1, 18814 MiB, 100 %, 65.03 W, 39
2026/09/11 16:51:58.840, 0, 30182 MiB, 0 %, 15.43 W, 40
2026/09/11 16:51:58.840, 1, 18814 MiB, 100 %, 64.87 W, 39
2026/09/11 16:52:00.840, 0, 30182 MiB, 0 %, 15.30 W, 40
2026/09/11 16:52:00.841, 1, 18814 MiB, 100 %, 64.77 W, 39
2026/09/11 16:52:02.841, 0, 30182 MiB, 0 %, 15.42 W, 40
2026/09/11 16:52:02.841, 1, 18814 MiB, 100 %, 64.93 W, 39
2026/09/11 16:52:04.841, 0, 30182 MiB, 0 %, 15.63 W, 40
2026/09/11 16:52:04.841, 1, 18814 MiB, 100 %, 65.06 W, 39
2026/09/11 16:52:06.841, 0, 30182 MiB, 0 %, 16.01 W, 40
2026/09/11 16:52:06.841, 1, 18814 MiB, 100 %, 65.21 W, 39
2026/09/11 16:52:08.841, 0, 30182 MiB, 0 %, 16.35 W, 40
2026/09/11 16:52:08.841, 1, 18814 MiB, 100 %, 65.14 W, 39
2026/09/11 16:52:10.841, 0, 30182 MiB, 0 %, 16.09 W, 40
2026/09/11 16:52:10.842, 1, 18814 MiB, 100 %, 64.60 W, 39
2026/09/11 16:52:12.842, 0, 30182 MiB, 0 %, 15.73 W, 40
2026/09/11 16:52:12.842, 1, 18814 MiB, 100 %, 64.22 W, 39
2026/09/11 16:52:14.842, 0, 30182 MiB, 0 %, 15.76 W, 40
2026/09/11 16:52:14.842, 1, 18814 MiB, 100 %, 63.95 W, 39
2026/09/11 16:52:16.842, 0, 30182 MiB, 0 %, 15.71 W, 40
2026/09/11 16:52:16.842, 1, 18814 MiB, 100 %, 64.18 W, 39
2026/09/11 16:52:18.842, 0, 30182 MiB, 0 %, 15.95 W, 40
2026/09/11 16:52:18.842, 1, 18814 MiB, 100 %, 64.52 W, 39
2026/09/11 16:52:20.843, 0, 30182 MiB, 0 %, 16.08 W, 40
2026/09/11 16:52:20.843, 1, 18814 MiB, 100 %, 64.53 W, 39
2026/09/11 16:52:22.843, 0, 30182 MiB, 0 %, 15.61 W, 40
2026/09/11 16:52:22.843, 1, 18814 MiB, 100 %, 64.56 W, 39
2026/09/11 16:52:24.843, 0, 30182 MiB, 0 %, 15.92 W, 40
2026/09/11 16:52:24.843, 1, 18814 MiB, 100 %, 64.58 W, 39
2026/09/11 16:52:26.843, 0, 30182 MiB, 0 %, 15.90 W, 40
2026/09/11 16:52:26.843, 1, 18814 MiB, 100 %, 64.91 W, 39
2026/09/11 16:52:28.844, 0, 30182 MiB, 0 %, 16.16 W, 40
2026/09/11 16:52:28.844, 1, 18814 MiB, 100 %, 64.86 W, 39
2026/09/11 16:52:30.844, 0, 30182 MiB, 0 %, 16.20 W, 40
2026/09/11 16:52:30.844, 1, 18814 MiB, 100 %, 64.74 W, 39
2026/09/11 16:52:32.844, 0, 30182 MiB, 0 %, 16.11 W, 40
2026/09/11 16:52:32.844, 1, 18814 MiB, 100 %, 65.09 W, 39
2026/09/11 16:52:34.844, 0, 30182 MiB, 0 %, 15.85 W, 40
2026/09/11 16:52:34.844, 1, 18814 MiB, 100 %, 65.14 W, 39
2026/09/11 16:52:36.844, 0, 30182 MiB, 0 %, 15.61 W, 40
2026/09/11 16:52:36.844, 1, 18814 MiB, 100 %, 65.21 W, 39
2026/09/11 16:52:38.845, 0, 30182 MiB, 0 %, 16.08 W, 40
2026/09/11 16:52:38.845, 1, 18814 MiB, 100 %, 65.14 W, 39
2026/09/11 16:52:40.845, 0, 30182 MiB, 0 %, 15.66 W, 40
2026/09/11 16:52:40.845, 1, 18814 MiB, 100 %, 65.25 W, 39
2026/09/11 16:52:42.845, 0, 30182 MiB, 0 %, 15.75 W, 40
2026/09/11 16:52:42.845, 1, 18814 MiB, 100 %, 64.66 W, 39
2026/09/11 16:52:44.845, 0, 30182 MiB, 0 %, 16.16 W, 40
2026/09/11 16:52:44.845, 1, 18814 MiB, 100 %, 64.54 W, 39
2026/09/11 16:52:46.846, 0, 30182 MiB, 0 %, 15.62 W, 40
2026/09/11 16:52:46.846, 1, 18814 MiB, 100 %, 64.43 W, 39
2026/09/11 16:52:48.846, 0, 30182 MiB, 0 %, 15.72 W, 40
2026/09/11 16:52:48.846, 1, 18814 MiB, 100 %, 64.34 W, 39
2026/09/11 16:52:50.846, 0, 30182 MiB, 0 %, 15.75 W, 40
2026/09/11 16:52:50.846, 1, 18814 MiB, 100 %, 64.67 W, 39
2026/09/11 16:52:52.846, 0, 30182 MiB, 0 %, 15.86 W, 40
2026/09/11 16:52:52.846, 1, 18814 MiB, 100 %, 64.37 W, 39
2026/09/11 16:52:54.846, 0, 30182 MiB, 0 %, 15.71 W, 40
2026/09/11 16:52:54.846, 1, 18814 MiB, 100 %, 64.10 W, 39
2026/09/11 16:52:56.847, 0, 30182 MiB, 0 %, 15.69 W, 40
2026/09/11 16:52:56.847, 1, 18814 MiB, 100 %, 64.23 W, 39
2026/09/11 16:52:58.847, 0, 30182 MiB, 0 %, 15.57 W, 40
2026/09/11 16:52:58.847, 1, 18814 MiB, 100 %, 64.70 W, 39
